type,date,vol_24hr,total_daily_vol,daily_%_vol
Altcoin,2024-10-03,11315658400.359886,73799976091.63419,15.33
Altcoin,2024-10-04,11346195664.301064,67829329211.25461,16.73
Altcoin,2024-10-05,9007875569.374098,54587819402.45792,16.5
Altcoin,2024-10-06,4374016437.426459,22832337498.377037,19.16
Altcoin,2024-10-07,4832204010.342594,27065638154.54815,17.85
Altcoin,2024-10-08,10190701866.247591,61013406835.92154,16.7
Altcoin,2024-10-09,7503597837.575207,49731081312.67464,15.09
Altcoin,2024-10-10,7410668171.059555,50325743088.27555,14.73
Altcoin,2024-10-11,7134375768.761981,51303124488.71022,13.91
Altcoin,2024-10-12,7476567804.493334,52582468572.21062,14.22
Altcoin,2024-10-13,5853447398.4466505,32058408456.33405,18.26
Altcoin,2024-10-14,5837984884.979927,30139081955.48566,19.37
Altcoin,2024-10-15,9898799859.80003,77955533834.23276,12.7
Altcoin,2024-10-16,11858885080.512194,85643246130.48627,13.85
Altcoin,2024-10-17,10179261727.08661,66955444657.533195,15.2
Altcoin,2024-10-18,8739661082.542788,57582125250.93891,15.18
Altcoin,2024-10-19,8118822882.51216,64405664629.94322,12.61
Altcoin,2024-10-20,6129644912.388962,27577704174.306507,22.23
Altcoin,2024-10-21,7344659741.344324,37296379807.70264,19.69
Altcoin,2024-10-22,11571853969.159609,69398215676.97786,16.67
Altcoin,2024-10-23,10754208149.876976,57570968862.7688,18.68
Altcoin,2024-10-24,10636799517.74076,62318059641.12657,17.07
Altcoin,2024-10-25,9780934258.374704,62381651805.04651,15.68
Altcoin,2024-10-26,13129536012.442944,85290658341.30379,15.39
Altcoin,2024-10-27,7836036705.916618,42439766737.15561,18.46
Altcoin,2024-10-28,6967801894.151437,32157504799.240273,21.67
Altcoin,2024-10-29,12056744076.246964,73607978495.9065,16.38
Altcoin,2024-10-30,14610037594.383476,102639137332.59961,14.23
Altcoin,2024-10-31,11085728687.961609,77374665402.4982,14.33
Altcoin,2024-11-01,10390307592.042276,76394947022.17523,13.6
Altcoin,2024-11-02,11248933838.55554,86508135410.27368,13.0
Altcoin,2024-11-03,6180314714.371365,29143001596.567253,21.21
Altcoin,2024-11-04,10058813447.550056,62264788704.80345,16.15
Altcoin,2024-11-05,10809865024.02505,74309656995.51534,14.55
Altcoin,2024-11-06,13511383882.518585,71561261187.91727,18.88
Altcoin,2024-11-07,35840262148.45183,206720903227.75894,17.34
Altcoin,2024-11-08,18433069943.26196,121867840486.64946,15.13
Altcoin,2024-11-09,19425717484.815357,103802183298.93832,18.71
Altcoin,2024-11-10,17376794516.111404,79391411712.27036,21.89
Altcoin,2024-11-11,50105091297.53856,191304812666.54254,26.19
Altcoin,2024-11-12,52456728514.590706,248806970261.5656,21.08
Altcoin,2024-11-13,87022293168.33995,299453118108.2419,29.06
Altcoin,2024-11-14,67671604470.96599,269310496755.8302,25.13
Altcoin,2024-11-15,48614790186.11076,185795747186.72955,26.17
Altcoin,2024-11-16,45964579645.90471,163423617859.15598,28.13
Altcoin,2024-11-17,53953579438.98826,129711861314.61682,41.59
Altcoin,2024-11-18,45035046722.38956,122138787205.32182,36.87
Altcoin,2024-11-19,39729900374.93891,152486355977.13095,26.05
Altcoin,2024-11-20,36543083525.67946,146803564365.2114,24.89
Altcoin,2024-11-21,36345524049.84111,146601732390.43625,24.79
Altcoin,2024-11-22,45154262740.50937,219032247667.8065,20.62
Altcoin,2024-11-23,57544103016.6845,179827200099.4636,32.0
Altcoin,2024-11-24,69494085063.32422,159793709127.50455,43.49
Altcoin,2024-11-25,48284988855.46231,129074091996.32132,37.41
Altcoin,2024-11-26,45912395676.97754,189014111336.94476,24.29
Altcoin,2024-11-27,43613686069.83772,182899647490.49875,23.85
Altcoin,2024-11-28,33357884363.255867,163292531856.3333,20.43
Altcoin,2024-11-29,26814469579.15847,108965169478.69325,24.61
Altcoin,2024-11-30,34766475663.37004,138237135730.09418,25.15
Altcoin,2024-12-01,36849926447.71537,112391944676.66638,32.79
Altcoin,2024-12-02,39566599865.98345,118419567333.00839,33.41
Altcoin,2024-12-03,106345681355.0853,256397065379.98724,41.48
Altcoin,2024-12-04,88292873301.76474,215786175005.0896,40.92
Altcoin,2024-12-05,70703626395.96335,228679266408.20862,30.92
Altcoin,2024-12-06,78625026045.05609,334080920871.0966,23.53
Altcoin,2024-12-07,43763237228.696045,215530341175.81403,20.3
Altcoin,2024-12-08,37034624757.58691,120055553720.91534,30.85
Altcoin,2024-12-09,34407871116.7552,117813782138.93661,29.21
Altcoin,2024-12-10,65658409231.408264,271646650309.02338,24.17
Altcoin,2024-12-11,72980899753.9615,262460391489.62634,27.81
Altcoin,2024-12-12,43937090825.64686,200893672467.82428,21.87
Altcoin,2024-12-13,44897067422.21406,192463719417.3629,23.33
Altcoin,2024-12-14,32543056500.59748,147564281421.95566,22.05
Altcoin,2024-12-15,25659027600.47917,111628674790.30385,22.99
Altcoin,2024-12-16,21745708411.445736,117207634030.78397,18.55
Altcoin,2024-12-17,37867318743.7064,203731856273.98508,18.59
Altcoin,2024-12-18,36601821638.68763,162842683926.46942,22.48
Altcoin,2024-12-19,47153022119.19983,211579757379.47858,22.29
Altcoin,2024-12-20,57015534626.01865,222080049114.12375,25.67
Altcoin,2024-12-21,65745372310.94595,251022810511.0296,26.19
Altcoin,2024-12-22,38365646906.59214,123903729316.12164,30.96
Altcoin,2024-12-23,28069566403.088375,98499981434.43784,28.5
Altcoin,2024-12-24,31052600182.946087,131518458266.65631,23.61
Altcoin,2024-12-25,20235569183.66835,93489907110.1472,21.64
Altcoin,2024-12-26,14044583541.107183,65512138374.55519,21.44
Altcoin,2024-12-27,17108926067.084986,83398246241.22136,20.51
Altcoin,2024-12-28,17040274046.287048,83121126941.12811,20.5
Altcoin,2024-12-29,11234388777.211098,47525538349.80098,23.64
Altcoin,2024-12-30,11157205563.031574,46537952384.90538,23.97
Altcoin,2024-12-31,18220371996.795,103479673158.07904,17.61
Altcoin,2025-01-01,15687304496.299744,82481163582.66083,19.02
Altcoin,2025-01-02,15331716829.037296,52047324412.88464,29.46
Altcoin,2025-01-03,22095422932.033062,89936011157.70258,24.57
Altcoin,2025-01-04,24129745518.051193,81870703681.4585,29.47
Altcoin,2025-01-05,18942083616.32909,55873081258.09032,33.9
Altcoin,2025-01-06,15018322295.85122,47620717337.12535,31.54
Altcoin,2025-01-07,18970360579.59458,89521848486.64915,21.19
Altcoin,2025-01-08,25551180097.857967,118994026755.82504,21.47
Altcoin,2025-01-09,27090054541.126152,127961499343.1903,21.17
Altcoin,2025-01-10,21425575431.816902,117373353689.61998,18.25
Altcoin,2025-01-11,19581046501.110588,109737139221.82556,17.84
Altcoin,2025-01-12,14620681765.23115,43504849156.39065,33.61
Altcoin,2025-01-13,11348613757.117067,40657252635.9086,27.91
Altcoin,2025-01-14,28037161616.989563,146109390722.31793,19.19
Altcoin,2025-01-15,18841372611.12267,92448943720.74931,20.38
Altcoin,2025-01-16,40274806534.12779,121686121337.49971,33.1
Altcoin,2025-01-17,43282767525.40383,118445426625.58188,36.54
Altcoin,2025-01-18,32979699089.823784,129893649185.59523,25.39
Altcoin,2025-01-19,50814641352.738,132426683304.00342,38.37
Altcoin,2025-01-20,63329996754.45383,195979047148.12668,32.31
Altcoin,2025-01-21,65228921899.5624,234951213917.22968,27.76
Altcoin,2025-01-22,39838039489.13451,168945269059.72885,23.58
Altcoin,2025-01-23,25997729433.906704,102810700424.85626,25.29
Altcoin,2025-01-24,29071385683.879807,165389831097.51852,17.58
Altcoin,2025-01-25,22486042908.729744,99800149488.37936,22.53
Altcoin,2025-01-26,13937806948.1915,49384881576.32483,28.22
Altcoin,2025-01-27,12537407825.26872,46177671227.76023,27.15
Altcoin,2025-01-28,41397949828.67815,175740679658.00165,23.56
Altcoin,2025-01-29,20572745490.1692,86161066748.21515,23.88
Altcoin,2025-01-30,19627648601.868843,89104472391.18024,22.03
Altcoin,2025-01-31,15939334704.061405,77566497884.45226,20.55
Altcoin,2025-02-01,15375055612.090609,84004721546.69814,18.3
Altcoin,2025-02-02,13863075322.651726,55659911519.688385,24.91
Altcoin,2025-02-03,36977210436.633644,135657963564.05807,27.26
Altcoin,2025-02-04,81599577244.08197,300352274108.77686,27.17
Altcoin,2025-02-05,34748852235.707245,160683376103.32205,21.63
Altcoin,2025-02-06,17901992285.36172,96777342255.42578,18.5
Altcoin,2025-02-07,18301246553.73014,94113394057.8809,19.45
Altcoin,2025-02-08,20746880790.200096,108773441118.50618,19.07
Altcoin,2025-02-09,11141681616.441692,48238145593.879456,23.1
Altcoin,2025-02-10,13963676318.416695,56576319143.37669,24.68
Altcoin,2025-02-11,15529627669.711294,71428035630.7184,21.74
Altcoin,2025-02-12,17631434757.153828,75298921996.9273,23.42
Altcoin,2025-02-13,19570797346.53689,93190076020.57309,21.0
Altcoin,2025-02-14,17830392754.85618,65852955880.842926,27.08
Altcoin,2025-02-15,19730940952.94678,69437633770.58023,28.42
Altcoin,2025-02-16,10709923057.809568,33821555790.71492,31.67
Altcoin,2025-02-17,9546972215.179472,31939662329.396217,29.89
Altcoin,2025-02-18,15324402348.96392,65315149810.47824,23.46
Altcoin,2025-02-19,19111853980.866814,81776287737.10277,23.37
Altcoin,2025-02-20,13811429928.077415,54913239236.37931,25.15
Altcoin,2025-02-21,12669431146.216383,51394720764.551216,24.65
Altcoin,2025-02-22,18170800493.23354,92418649017.54459,19.66
Altcoin,2025-02-23,8967503231.486298,45008572781.39498,19.92
Altcoin,2025-02-24,7365593461.587937,45403237726.8412,16.22
Altcoin,2025-02-25,24235290442.63735,100789449495.78125,24.05
Altcoin,2025-02-26,35662454775.37525,175280842181.26215,20.35
Altcoin,2025-02-27,20087051373.76606,117473602666.15129,17.1
Altcoin,2025-02-28,14160708823.00967,185380847690.29352,7.64
Altcoin,2025-03-01,25821248725.9488,139422080184.0289,18.52
Altcoin,2025-03-02,11016027207.504488,57753523609.15895,19.07
Altcoin,2025-03-03,44758817651.4893,144525342549.63416,30.97
Altcoin,2025-03-04,36964689276.41304,139181132639.35074,26.56
Altcoin,2025-03-05,32029215693.03742,133416658656.22672,24.01
Altcoin,2025-03-06,19063916815.409798,92906867606.98215,20.52
Altcoin,2025-03-07,20138420566.60967,87589980370.58487,22.99
Altcoin,2025-03-08,26132884883.22101,111066035824.0424,23.53
Altcoin,2025-03-09,10137419128.36773,40204446647.53454,25.21
Altcoin,2025-03-10,15321597560.50369,64912027764.706604,23.6
Altcoin,2025-03-11,21948727555.52016,108509737936.96526,20.23
Altcoin,2025-03-12,23040874503.523884,109491938890.50078,21.04
Altcoin,2025-03-13,17222002410.99258,83503503350.28712,20.62
Altcoin,2025-03-14,14941028494.320217,66737035611.38443,22.39
Altcoin,2025-03-15,13451950118.85724,54973406283.19751,24.47
Altcoin,2025-03-16,9388913475.181393,27095600688.54472,34.65
Altcoin,2025-03-17,10342026720.428282,41466300745.728386,24.94
Altcoin,2025-03-18,11505245362.879618,42415778455.725555,27.12
Altcoin,2025-03-19,11493359649.885454,46938549486.13156,24.49
Altcoin,2025-03-20,20911216959.76121,75157173941.71811,27.82
Altcoin,2025-03-21,12972176810.619673,54855094547.30285,23.65
Altcoin,2025-03-22,10093735316.06202,38074853179.26309,26.51
Altcoin,2025-03-23,5805473902.761036,19772214429.280254,29.36
Altcoin,2025-03-24,7235790761.643785,27844791994.941376,25.99
Altcoin,2025-03-25,14431778264.04752,57379119346.77784,25.15
Altcoin,2025-03-26,12799253798.423996,55714256474.134834,22.97
Altcoin,2025-03-27,13172445754.612123,52720183168.21936,24.99
Altcoin,2025-03-28,12249859721.228008,49006493149.14017,25.0
Altcoin,2025-03-29,13726580918.342703,63820554798.8374,21.51
Altcoin,2025-03-30,10783390756.522322,40544947241.325516,26.6
Altcoin,2025-03-31,8111770389.975995,31597276843.207077,25.67
Altcoin,2025-04-01,13117474315.337988,60465990879.14211,21.69
Altcoin,2025-04-02,13087357317.935162,58159624973.220825,22.5
Altcoin,2025-04-03,19110902986.47336,88894279305.22762,21.5
Altcoin,2025-04-04,16962510497.415024,70556006869.72025,24.04
Altcoin,2025-04-05,17584633824.098633,72691156815.87129,24.19
Altcoin,2025-04-06,6445763850.039316,28136991513.11626,22.91
Altcoin,2025-04-07,15032607291.48204,74658468750.32703,20.14
Altcoin,2025-04-08,35331949128.08125,167658421597.2343,21.07
Altcoin,2025-04-09,19113070209.39064,89376886202.00171,21.38
Altcoin,2025-04-10,26622135772.59975,155619945969.56537,17.11
Altcoin,2025-04-11,15004224986.302195,76704121069.65944,19.56
Altcoin,2025-04-12,12259592199.183949,66268243867.73496,18.5
Altcoin,2025-04-13,12207871904.207266,46393373030.75275,26.31
Altcoin,2025-04-14,12499683438.878838,55005810833.42204,22.72
Altcoin,2025-04-15,12981267287.589186,61552570256.753296,21.09
Altcoin,2025-04-16,10498460765.492321,47369657408.29489,22.16
Altcoin,2025-04-17,12392880776.653332,52461074804.32293,23.62
Altcoin,2025-04-18,9680234771.168245,38441234867.17872,25.18
Altcoin,2025-04-19,6763610608.583578,21568380558.243504,31.36
Altcoin,2025-04-20,6435643795.565638,24220253855.772865,26.57
Altcoin,2025-04-21,7383256476.329137,26704868482.667274,27.65
Altcoin,2025-04-22,11963724176.360956,67308811870.03099,17.77
Altcoin,2025-04-23,16714997566.866926,94828970233.18427,17.63
Altcoin,2025-04-24,19529018118.908245,81529711229.18646,23.95
Altcoin,2025-04-25,16876998428.02308,59831540799.08908,28.21
Altcoin,2025-04-26,16334870101.827206,71327803145.65506,22.9
Altcoin,2025-04-27,10721524321.545807,36460531957.10959,29.41
Altcoin,2025-04-28,10980872385.495407,36539589821.66021,30.05
Altcoin,2025-04-29,15323469120.207928,64014668162.63626,23.94
Altcoin,2025-04-30,10833777867.627884,50710966278.0255,21.36
Altcoin,2025-05-01,11643193786.767464,51829521179.419495,22.46
Altcoin,2025-05-02,11303834804.266155,55821966798.78768,20.25
Altcoin,2025-05-03,9858027447.961302,44820705085.94003,21.99
Altcoin,2025-05-04,6334292562.496,26836837904.96347,23.6
Altcoin,2025-05-05,7001500143.890905,29384468838.336117,23.83
Altcoin,2025-05-06,9466129511.614737,44097819293.16645,21.47
Altcoin,2025-05-07,10268851534.004423,45567297877.603546,22.54
Altcoin,2025-05-08,12960049555.945686,124447440707.52536,10.41
Altcoin,2025-05-09,22999167367.194435,109012040162.90446,21.1
Altcoin,2025-05-10,26104822675.9115,111472497040.69254,23.42
Altcoin,2025-05-11,20194904625.049774,71701807324.12112,28.17
Altcoin,2025-05-12,19564195482.051,73091917941.73894,26.77
Altcoin,2025-05-13,34869928850.107994,109485160784.4527,31.85
Altcoin,2025-05-14,22575817819.878796,88717146221.02483,25.45
Altcoin,2025-05-15,19317277048.784904,75865757086.51486,25.46
Altcoin,2025-05-16,19777983009.967976,77812758041.02379,25.42
Altcoin,2025-05-17,14847525185.399912,61865919902.51393,24.0
Altcoin,2025-05-18,11336377986.143616,47471944887.32502,23.88
Altcoin,2025-05-19,15478885806.411575,71020380458.57863,21.79
Altcoin,2025-05-20,15913824103.522444,84617429532.09836,18.81
Altcoin,2025-05-21,14351080068.47164,73616229898.13965,19.49
Altcoin,2025-05-22,20049729859.733387,113470090501.12033,17.67
Altcoin,2025-05-23,21478324759.167328,103289345075.12479,20.79
Altcoin,2025-05-24,24474579912.364727,103773654941.83304,23.58
Altcoin,2025-05-25,9781165702.429111,47654390240.13896,20.53
Altcoin,2025-05-26,11411311768.281204,54878669283.05621,20.79
Altcoin,2025-05-27,9719958371.059492,51020683543.272,19.05
Altcoin,2025-05-28,12510238275.562197,77923173639.70227,16.05
Altcoin,2025-05-29,11018232725.196512,58821099348.765564,18.73
Altcoin,2025-05-30,12370382577.268879,77671055805.35596,15.93
Altcoin,2025-05-31,16359063799.381332,78966273467.29623,20.72
Altcoin,2025-06-01,10891722400.187443,44331168213.47034,24.57
Altcoin,2025-06-02,7905553121.578882,36965394200.22526,21.39
Altcoin,2025-06-03,9335976054.29501,51273786845.45321,18.21
Altcoin,2025-06-04,10607272217.664278,52487942069.08285,20.21
Altcoin,2025-06-05,8342215842.754652,50963965851.729034,16.37
Altcoin,2025-06-06,14843639380.75679,80405153672.42836,18.46
Altcoin,2025-06-07,10137115556.25351,58429614464.82016,17.35
Altcoin,2025-06-08,6392279823.872754,33677437947.295097,18.98
Altcoin,2025-06-09,7481227388.071616,33732800199.878975,22.18
Altcoin,2025-06-10,11615250049.219164,69323978012.00978,16.76
Altcoin,2025-06-11,14667010494.008984,89252059820.69496,16.43
Altcoin,2025-06-12,14848778606.996778,72556746076.17203,20.47
Altcoin,2025-06-13,11543111807.283945,73477264888.64241,15.71
Altcoin,2025-06-14,19506056396.317776,107553543648.06952,18.14
Altcoin,2025-06-15,7588212594.961278,37581656085.11908,20.19
Altcoin,2025-06-16,8052610470.11354,36299964752.27392,22.18
Altcoin,2025-06-17,15849185128.865192,72167291789.76183,21.96
Altcoin,2025-06-18,14530897881.086668,79060616600.01633,18.38
Altcoin,2025-06-19,11801045661.474136,59941093324.872284,19.69
Altcoin,2025-06-20,8307038854.256867,36762795353.56502,22.6
Altcoin,2025-06-21,12071204646.733604,63186772535.43574,19.1
Altcoin,2025-06-22,10546622478.737629,48346697442.30549,21.81
Altcoin,2025-06-23,19185563234.873516,98654148157.21466,19.45
Altcoin,2025-06-24,18614057099.912033,94120149629.01662,19.78
Altcoin,2025-06-25,13086923602.967243,64460589748.87191,20.3
Altcoin,2025-06-26,10648606081.278728,56629936728.576004,18.8
Altcoin,2025-06-27,11253188912.904896,51845699964.77992,21.71
Altcoin,2025-06-28,10239837494.979826,48534969374.685234,21.1
Altcoin,2025-06-29,7909167691.443585,22657359275.561264,34.91
Altcoin,2025-06-30,7640471518.018371,32757808112.218296,23.32
Altcoin,2025-07-01,14054284488.879087,52850716056.232666,26.59
Altcoin,2025-07-02,10667704272.355389,48634832132.18892,21.93
Altcoin,2025-07-03,13922165799.048347,72179924186.28946,19.29
Altcoin,2025-07-04,13694637792.49164,63410056972.74631,21.6
Altcoin,2025-07-05,10413185758.959602,51039208959.72047,20.4
Altcoin,2025-07-06,5074129673.6626625,21918348896.914062,23.15
Altcoin,2025-07-07,9596007300.63832,33286335813.939587,28.83
Altcoin,2025-07-08,12317372500.541872,53758441873.395096,22.91
Altcoin,2025-07-09,11009896963.677591,46249139230.53534,23.81
Altcoin,2025-07-10,15701493331.741564,79406200546.65007,19.77
Altcoin,2025-07-11,27454957199.232174,122967868408.50374,22.33
Altcoin,2025-07-12,52273737808.811714,158914434397.25327,32.89
Altcoin,2025-07-13,27610040499.022224,69433432544.0193,39.76
Altcoin,2025-07-14,23620667537.27629,69536691041.34099,33.97
Altcoin,2025-07-15,43870653735.11623,154123032111.96478,28.46
Altcoin,2025-07-16,36928426483.85767,160644177747.85718,22.99
Altcoin,2025-07-17,43115095979.65816,148371519559.44952,29.06
Altcoin,2025-07-18,59452175355.77315,154413757842.16635,38.5
Altcoin,2025-07-19,76893869596.95816,208325843311.6323,36.91
Altcoin,2025-07-20,35527168363.2538,86479588608.98816,41.08
Altcoin,2025-07-21,51209795200.65763,143087005814.81604,35.79
Altcoin,2025-07-22,64058108844.96852,157648075500.97314,40.63
Altcoin,2025-07-23,68223492497.19641,179519555463.33194,38.0
Altcoin,2025-07-24,64239193169.38449,157119923744.90015,40.89
Altcoin,2025-07-25,56090739428.64997,155363445660.99442,36.1
Altcoin,2025-07-26,47940492157.14103,188180667583.36777,25.48
Altcoin,2025-07-27,18872975367.318928,69371334945.93025,27.21
Altcoin,2025-07-28,21909343764.43677,78175026317.21762,28.03
Altcoin,2025-07-29,34371680960.34389,116549012990.38681,29.49
Altcoin,2025-07-30,23792634355.6416,101576290943.20451,23.42
Altcoin,2025-07-31,23054787549.482674,94820060655.81514,24.31
Altcoin,2025-08-01,19566436952.483315,96116802092.73843,20.36
Altcoin,2025-08-02,32417866429.785107,140644281482.18854,23.05
Altcoin,2025-08-03,18131942739.43964,79840057228.43347,22.71
Altcoin,2025-08-04,14385988369.99748,57413980338.257095,25.06
Altcoin,2025-08-05,17903827003.06651,78928327180.84772,22.68
Altcoin,2025-08-06,16959755295.771404,83687712746.11066,20.27
Altcoin,2025-08-07,13914129927.78592,69222790463.72266,20.1
Altcoin,2025-08-08,20675174803.029167,90946489808.74046,22.73
Altcoin,2025-08-09,25510242494.18351,96389592344.50494,26.47
Altcoin,2025-08-10,19401194666.62857,84726715807.5078,22.9
Altcoin,2025-08-11,19900044015.98816,83538953653.14426,23.82
Altcoin,2025-08-12,25127134850.290176,129877488489.1313,19.35
Altcoin,2025-08-13,29569927895.232773,129351315385.40756,22.86
Altcoin,2025-08-14,36008580828.688156,156697543382.8216,22.98
Altcoin,2025-08-15,49939117246.704185,190685445143.8854,26.19
Altcoin,2025-08-16,33857544789.78273,128165186780.4433,26.42
Altcoin,2025-08-17,18887275100.346912,63194748927.95079,29.89
Altcoin,2025-08-18,19164574320.788403,68171496498.81637,28.11
Altcoin,2025-08-19,29148437817.917564,120422067935.12341,24.21
Altcoin,2025-08-20,26267505991.500248,114050733152.28964,23.03
Altcoin,2025-08-21,26960404991.904,108983951131.75526,24.74
Altcoin,2025-08-22,19979024370.952385,73730433193.43869,27.1
Altcoin,2025-08-23,37324801144.26006,150059633948.13818,24.87
Altcoin,2025-08-24,22527312821.489994,77648070301.84262,29.01
Altcoin,2025-08-25,30347958308.880016,112188385303.5502,27.05
Altcoin,2025-08-26,33379816749.849003,134451758804.67093,24.83
Altcoin,2025-08-27,25121126106.031338,103408832441.26248,24.29
Altcoin,2025-08-28,28926803412.3534,101783533283.64479,28.42
Altcoin,2025-08-29,28375949026.853954,91788317974.28879,30.91
Altcoin,2025-08-30,32106686705.959003,121815638028.6771,26.36
Altcoin,2025-08-31,13758008794.538258,60757168313.430725,22.64
Altcoin,2025-09-01,13310816121.993591,61721515671.96432,21.57
Altcoin,2025-09-02,26242788282.163616,100967594569.40102,25.99
Altcoin,2025-09-03,25306838581.16255,108532564204.34975,23.32
Altcoin,2025-09-04,18183765449.81246,85408198604.08167,21.29
Altcoin,2025-09-05,15904975150.211605,84506615215.71945,18.82
Altcoin,2025-09-06,22501200585.62257,116472601707.85248,19.32
Altcoin,2025-09-07,10123547413.105806,43962267438.37413,23.03
Altcoin,2025-09-08,14808215414.584167,51875868853.53597,28.55
Altcoin,2025-09-09,25898606974.429558,89452339604.0438,28.95
Altcoin,2025-09-10,26938305404.179996,100685309090.73405,26.75
Altcoin,2025-09-11,25012260116.968063,112065865717.64972,22.32
Altcoin,2025-09-12,26705445115.479485,104051427317.39064,25.67
Altcoin,2025-09-13,31771042435.39708,122102133973.8489,26.02
Altcoin,2025-09-14,30103775796.215218,90619751995.65901,33.22
Altcoin,2025-09-15,26721784789.65768,77438713771.1725,34.51
Altcoin,2025-09-16,29832198180.41146,110643523118.18439,26.96
Altcoin,2025-09-17,23575534055.025116,91593748797.18481,25.74
Altcoin,2025-09-18,31698837512.73826,128166912629.88585,24.73
Altcoin,2025-09-19,31664062616.38423,104688282610.77356,30.25
Altcoin,2025-09-20,25485200586.84676,87938241498.44403,28.98
Altcoin,2025-09-21,15047754503.555553,48136739216.30006,31.26
Altcoin,2025-09-22,15082852021.649397,49652650644.726746,30.38
Altcoin,2025-09-23,40516251066.61351,162656687045.66382,24.91
Altcoin,2025-09-24,25620639314.628815,101678202850.48238,25.2
BTC,2024-10-03,41870731291.86736,73799976091.63419,56.74
BTC,2024-10-04,37711138441.76231,67829329211.25461,55.6
BTC,2024-10-05,30349059838.684578,54587819402.45792,55.6
BTC,2024-10-06,11095453162.990673,22832337498.377037,48.6
BTC,2024-10-07,14592422860.685436,27065638154.54815,53.91
BTC,2024-10-08,33878876147.30253,61013406835.92154,55.53
BTC,2024-10-09,28626429276.55382,49731081312.67464,57.56
BTC,2024-10-10,28530748117.898792,50325743088.27555,56.69
BTC,2024-10-11,29481971885.649742,51303124488.71022,57.47
BTC,2024-10-12,32008659336.482643,52582468572.21062,60.87
BTC,2024-10-13,17665963646.417107,32058408456.33405,55.11
BTC,2024-10-14,16784552979.060463,30139081955.48566,55.69
BTC,2024-10-15,46553796134.14602,77955533834.23276,59.72
BTC,2024-10-16,51797932876.82809,85643246130.48627,60.48
BTC,2024-10-17,40640495380.19594,66955444657.533195,60.7
BTC,2024-10-18,34512072357.92087,57582125250.93891,59.94
BTC,2024-10-19,39984956633.228035,64405664629.94322,62.08
BTC,2024-10-20,14110889435.452631,27577704174.306507,51.17
BTC,2024-10-21,17253863432.786995,37296379807.70264,46.26
BTC,2024-10-22,40485496091.95008,69398215676.97786,58.34
BTC,2024-10-23,31398389967.38113,57570968862.7688,54.54
BTC,2024-10-24,32676918488.059,62318059641.12657,52.44
BTC,2024-10-25,35892606570.03549,62381651805.04651,57.54
BTC,2024-10-26,48426924850.053406,85290658341.30379,56.78
BTC,2024-10-27,21169467789.89267,42439766737.15561,49.88
BTC,2024-10-28,16533385730.434193,32157504799.240273,51.41
BTC,2024-10-29,41990540384.96554,73607978495.9065,57.05
BTC,2024-10-30,65487782004.97014,102639137332.59961,63.8
BTC,2024-10-31,43498144313.67304,77374665402.4982,56.22
BTC,2024-11-01,45907074188.570145,76394947022.17523,60.09
BTC,2024-11-02,54863092261.31101,86508135410.27368,63.42
BTC,2024-11-03,14709379754.965973,29143001596.567253,50.47
BTC,2024-11-04,37659435506.757034,62264788704.80345,60.48
BTC,2024-11-05,46183110993.79166,74309656995.51534,62.15
BTC,2024-11-06,40025021601.49395,71561261187.91727,55.93
BTC,2024-11-07,128492534668.23851,206720903227.75894,62.16
BTC,2024-11-08,66590396087.4524,121867840486.64946,54.64
BTC,2024-11-09,50687468387.720375,103802183298.93832,48.83
BTC,2024-11-10,31430906055.796104,79391411712.27036,39.59
BTC,2024-11-11,93473126207.67865,191304812666.54254,48.86
BTC,2024-11-12,133959805308.72511,248806970261.5656,53.84
BTC,2024-11-13,152356811694.44943,299453118108.2419,50.88
BTC,2024-11-14,136046309843.60645,269310496755.8302,50.52
BTC,2024-11-15,99649391847.08359,185795747186.72955,53.63
BTC,2024-11-16,84382485697.84985,163423617859.15598,51.63
BTC,2024-11-17,49255174407.368774,129711861314.61682,37.97
BTC,2024-11-18,48556083101.64749,122138787205.32182,39.75
BTC,2024-11-19,77391724184.19348,152486355977.13095,50.75
BTC,2024-11-20,80493234958.49161,146803564365.2114,54.83
BTC,2024-11-21,80747272080.24826,146601732390.43625,55.08
BTC,2024-11-22,118163852022.3175,219032247667.8065,53.95
BTC,2024-11-23,85746174563.98602,179827200099.4636,47.68
BTC,2024-11-24,47414200206.70341,159793709127.50455,29.67
BTC,2024-11-25,50665680246.86775,129074091996.32132,39.25
BTC,2024-11-26,89476321216.0935,189014111336.94476,47.34
BTC,2024-11-27,97389239315.52954,182899647490.49875,53.25
BTC,2024-11-28,81469353259.75,163292531856.3333,49.89
BTC,2024-11-29,49067932024.40325,108965169478.69325,45.03
BTC,2024-11-30,74670031635.5065,138237135730.09418,54.02
BTC,2024-12-01,43580019720.720634,112391944676.66638,38.78
BTC,2024-12-02,49147687432.565895,118419567333.00839,41.5
BTC,2024-12-03,101019861361.49252,256397065379.98724,39.4
BTC,2024-12-04,87935752287.975,215786175005.0896,40.75
BTC,2024-12-05,98230784298.0459,228679266408.20862,42.96
BTC,2024-12-06,190460293531.53802,334080920871.0966,57.01
BTC,2024-12-07,115812632020.44765,215530341175.81403,53.73
BTC,2024-12-08,61061136199.7846,120055553720.91534,50.86
BTC,2024-12-09,62677764785.05408,117813782138.93661,53.2
BTC,2024-12-10,146846843211.51685,271646650309.02338,54.06
BTC,2024-12-11,125835977742.51114,262460391489.62634,47.94
BTC,2024-12-12,118484957960.76833,200893672467.82428,58.98
BTC,2024-12-13,100092043319.81221,192463719417.3629,52.01
BTC,2024-12-14,78802903278.85962,147564281421.95566,53.4
BTC,2024-12-15,57321924844.41535,111628674790.30385,51.35
BTC,2024-12-16,70645074624.52869,117207634030.78397,60.27
BTC,2024-12-17,115184737759.33566,203731856273.98508,56.54
BTC,2024-12-18,93417826250.1972,162842683926.46942,57.37
BTC,2024-12-19,113692025885.44745,211579757379.47858,53.73
BTC,2024-12-20,100611554887.24123,222080049114.12375,45.3
BTC,2024-12-21,112340864006.62827,251022810511.0296,44.75
BTC,2024-12-22,53058382639.48845,123903729316.12164,42.82
BTC,2024-12-23,44619017105.36954,98499981434.43784,45.3
BTC,2024-12-24,64937790292.61125,131518458266.65631,49.38
BTC,2024-12-25,49169088282.15742,93489907110.1472,52.59
BTC,2024-12-26,33963749856.44743,65512138374.55519,51.84
BTC,2024-12-27,45049342388.18843,83398246241.22136,54.02
BTC,2024-12-28,41498540807.666954,83121126941.12811,49.93
BTC,2024-12-29,22429850903.940086,47525538349.80098,47.2
BTC,2024-12-30,24065314499.502274,46537952384.90538,51.71
BTC,2024-12-31,57595164139.4709,103479673158.07904,55.66
BTC,2025-01-01,45327464907.74362,82481163582.66083,54.95
BTC,2025-01-02,23275007789.496334,52047324412.88464,44.72
BTC,2025-01-03,45157338602.617516,89936011157.70258,50.21
BTC,2025-01-04,35721645948.10051,81870703681.4585,43.63
BTC,2025-01-05,20979035420.980793,55873081258.09032,37.55
BTC,2025-01-06,20060293834.7155,47620717337.12535,42.13
BTC,2025-01-07,46111387334.46171,89521848486.64915,51.51
BTC,2025-01-08,60610257147.15405,118994026755.82504,50.94
BTC,2025-01-09,65790469838.34392,127961499343.1903,51.41
BTC,2025-01-10,65850881574.76184,117373353689.61998,56.1
BTC,2025-01-11,63433655716.757095,109737139221.82556,57.81
BTC,2025-01-12,17836423168.41627,43504849156.39065,41.0
BTC,2025-01-13,19608932595.53299,40657252635.9086,48.23
BTC,2025-01-14,76328330233.31137,146109390722.31793,52.24
BTC,2025-01-15,51241728228.81719,92448943720.74931,55.43
BTC,2025-01-16,57637319739.543396,121686121337.49971,47.37
BTC,2025-01-17,50150102497.2729,118445426625.58188,42.34
BTC,2025-01-18,69135117732.00064,129893649185.59523,53.22
BTC,2025-01-19,49416447749.13053,132426683304.00342,37.32
BTC,2025-01-20,72970313683.92325,195979047148.12668,37.23
BTC,2025-01-21,120158523166.88387,234951213917.22968,51.14
BTC,2025-01-22,95344290057.8965,168945269059.72885,56.44
BTC,2025-01-23,55030669602.56557,102810700424.85626,53.53
BTC,2025-01-24,102455227371.20761,165389831097.51852,61.95
BTC,2025-01-25,51418786362.7815,99800149488.37936,51.52
BTC,2025-01-26,22740744964.719296,49384881576.32483,46.05
BTC,2025-01-27,20639818380.26942,46177671227.76023,44.7
BTC,2025-01-28,93191643783.24739,175740679658.00165,53.03
BTC,2025-01-29,45780526813.56264,86161066748.21515,53.13
BTC,2025-01-30,47425401641.53094,89104472391.18024,53.22
BTC,2025-01-31,42122570869.034325,77566497884.45226,54.31
BTC,2025-02-01,37187819228.35328,84004721546.69814,44.27
BTC,2025-02-02,22827776122.48367,55659911519.688385,41.01
BTC,2025-02-03,59784234332.21204,135657963564.05807,44.07
BTC,2025-02-04,122163969235.23686,300352274108.77686,40.67
BTC,2025-02-05,73196693057.98114,160683376103.32205,45.55
BTC,2025-02-06,48848958931.79228,96777342255.42578,50.48
BTC,2025-02-07,44462180396.172516,94113394057.8809,47.24
BTC,2025-02-08,57077722340.22422,108773441118.50618,52.47
BTC,2025-02-09,20760850644.84597,48238145593.879456,43.04
BTC,2025-02-10,25457107581.051964,56576319143.37669,45.0
BTC,2025-02-11,37054987393.57789,71428035630.7184,51.88
BTC,2025-02-12,36454577154.5622,75298921996.9273,48.41
BTC,2025-02-13,47115618235.19051,93190076020.57309,50.56
BTC,2025-02-14,29084371910.690556,65852955880.842926,44.17
BTC,2025-02-15,32289906944.92862,69437633770.58023,46.5
BTC,2025-02-16,14215311318.346336,33821555790.71492,42.03
BTC,2025-02-17,13634794998.739267,31939662329.396217,42.69
BTC,2025-02-18,25324374113.08163,65315149810.47824,38.77
BTC,2025-02-19,38311133144.729355,81776287737.10277,46.85
BTC,2025-02-20,27703222487.389572,54913239236.37931,50.45
BTC,2025-02-21,24175261969.81266,51394720764.551216,47.04
BTC,2025-02-22,42477472950.92155,92418649017.54459,45.96
BTC,2025-02-23,18464415570.762142,45008572781.39498,41.02
BTC,2025-02-24,16643044374.983364,45403237726.8412,36.66
BTC,2025-02-25,45539703844.38777,100789449495.78125,45.18
BTC,2025-02-26,96742453402.56294,175280842181.26215,55.19
BTC,2025-02-27,69277430795.68657,117473602666.15129,58.97
BTC,2025-02-28,81960688217.70384,185380847690.29352,44.21
BTC,2025-03-01,80695237175.07367,139422080184.0289,57.88
BTC,2025-03-02,30634474722.6359,57753523609.15895,53.04
BTC,2025-03-03,61859112550.80991,144525342549.63416,42.8
BTC,2025-03-04,68715362745.4567,139181132639.35074,49.37
BTC,2025-03-05,65863356680.42408,133416658656.22672,49.37
BTC,2025-03-06,51606642859.81411,92906867606.98215,55.55
BTC,2025-03-07,47555759124.64708,87589980370.58487,54.29
BTC,2025-03-08,63216440874.73251,111066035824.0424,56.92
BTC,2025-03-09,18809360803.37126,40204446647.53454,46.78
BTC,2025-03-10,32013406240.51754,64912027764.706604,49.32
BTC,2025-03-11,49983692766.22745,108509737936.96526,46.06
BTC,2025-03-12,56404462275.083046,109491938890.50078,51.51
BTC,2025-03-13,41782186208.59073,83503503350.28712,50.04
BTC,2025-03-14,32583592654.882656,66737035611.38443,48.82
BTC,2025-03-15,28571483950.074646,54973406283.19751,51.97
BTC,2025-03-16,10761796127.312485,27095600688.54472,39.72
BTC,2025-03-17,21638031633.118767,41466300745.728386,52.18
BTC,2025-03-18,19659366246.596867,42415778455.725555,46.35
BTC,2025-03-19,24557570268.85276,46938549486.13156,52.32
BTC,2025-03-20,33871216993.304657,75157173941.71811,45.07
BTC,2025-03-21,27579127651.06656,54855094547.30285,50.28
BTC,2025-03-22,18091004975.919056,38074853179.26309,47.51
BTC,2025-03-23,7771134681.982918,19772214429.280254,39.3
BTC,2025-03-24,12617587530.619724,27844791994.941376,45.31
BTC,2025-03-25,27270889835.1835,57379119346.77784,47.53
BTC,2025-03-26,30351832942.705593,55714256474.134834,54.48
BTC,2025-03-27,25522877558.700558,52720183168.21936,48.41
BTC,2025-03-28,24620445368.489468,49006493149.14017,50.24
BTC,2025-03-29,31674486232.097313,63820554798.8374,49.63
BTC,2025-03-30,16837439419.924389,40544947241.325516,41.53
BTC,2025-03-31,13428975108.070734,31597276843.207077,42.5
BTC,2025-04-01,30326148749.91535,60465990879.14211,50.15
BTC,2025-04-02,29172899851.734768,58159624973.220825,50.16
BTC,2025-04-03,46332905657.77597,88894279305.22762,52.12
BTC,2025-04-04,36594464539.14662,70556006869.72025,51.87
BTC,2025-04-05,35647289400.47406,72691156815.87129,49.04
BTC,2025-04-06,14910400035.531416,28136991513.11626,52.99
BTC,2025-04-07,36140377231.68329,74658468750.32703,48.41
BTC,2025-04-08,82909748172.59216,167658421597.2343,49.45
BTC,2025-04-09,47812787635.22632,89376886202.00171,53.5
BTC,2025-04-10,87408220482.11568,155619945969.56537,56.17
BTC,2025-04-11,41213520154.25157,76704121069.65944,53.73
BTC,2025-04-12,39813566443.76779,66268243867.73496,60.08
BTC,2025-04-13,22428929482.069122,46393373030.75275,48.35
BTC,2025-04-14,28731125717.934357,55005810833.42204,52.23
BTC,2025-04-15,33155578229.343513,61552570256.753296,53.87
BTC,2025-04-16,25084671427.622566,47369657408.29489,52.96
BTC,2025-04-17,26948109141.803364,52461074804.32293,51.37
BTC,2025-04-18,19323821375.14309,38441234867.17872,50.27
BTC,2025-04-19,9550691272.782005,21568380558.243504,44.28
BTC,2025-04-20,12635983530.804455,24220253855.772865,52.17
BTC,2025-04-21,12625843856.313684,26704868482.667274,47.28
BTC,2025-04-22,40070025414.28289,67308811870.03099,59.53
BTC,2025-04-23,53841992235.36636,94828970233.18427,56.78
BTC,2025-04-24,39901515879.65954,81529711229.18646,48.94
BTC,2025-04-25,30031246761.093452,59831540799.08908,50.19
BTC,2025-04-26,39336184715.04292,71327803145.65506,55.15
BTC,2025-04-27,15445392739.787264,36460531957.10959,42.36
BTC,2025-04-28,15926259371.057959,36539589821.66021,43.59
BTC,2025-04-29,31913814736.53902,64014668162.63626,49.85
BTC,2025-04-30,25882629766.278946,50710966278.0255,51.04
BTC,2025-05-01,26541700309.366146,51829521179.419495,51.21
BTC,2025-05-02,30207566405.468834,55821966798.78768,54.11
BTC,2025-05-03,23276376191.483967,44820705085.94003,51.93
BTC,2025-05-04,13797554863.642815,26836837904.96347,51.41
BTC,2025-05-05,14903122945.616686,29384468838.336117,50.72
BTC,2025-05-06,24086456278.203846,44097819293.16645,54.62
BTC,2025-05-07,23348052607.071873,45567297877.603546,51.24
BTC,2025-05-08,64376174032.08048,124447440707.52536,51.73
BTC,2025-05-09,50020047720.65604,109012040162.90446,45.88
BTC,2025-05-10,40800894903.23446,111472497040.69254,36.6
BTC,2025-05-11,21558992540.042442,71701807324.12112,30.07
BTC,2025-05-12,27389436049.454792,73091917941.73894,37.47
BTC,2025-05-13,43090605819.36596,109485160784.4527,39.36
BTC,2025-05-14,33861432519.50822,88717146221.02483,38.17
BTC,2025-05-15,28398245846.798244,75865757086.51486,37.43
BTC,2025-05-16,31823340473.339912,77812758041.02379,40.9
BTC,2025-05-17,25887953182.14765,61865919902.51393,41.85
BTC,2025-05-18,18950056010.479057,47471944887.32502,39.92
BTC,2025-05-19,30744060179.802963,71020380458.57863,43.29
BTC,2025-05-20,43339734153.75087,84617429532.09836,51.22
BTC,2025-05-21,36393687094.25122,73616229898.13965,49.44
BTC,2025-05-22,60722883113.84,113470090501.12033,53.51
BTC,2025-05-23,52218408239.45193,103289345075.12479,50.56
BTC,2025-05-24,49251745837.96465,103773654941.83304,47.46
BTC,2025-05-25,27128230116.517162,47654390240.13896,56.93
BTC,2025-05-26,29652659665.048733,54878669283.05621,54.03
BTC,2025-05-27,27950577137.918888,51020683543.272,54.78
BTC,2025-05-28,38978783508.88622,77923173639.70227,50.02
BTC,2025-05-29,29794278037.284946,58821099348.765564,50.65
BTC,2025-05-30,38279231892.56757,77671055805.35596,49.28
BTC,2025-05-31,39680060337.610214,78966273467.29623,50.25
BTC,2025-06-01,20432694555.09522,44331168213.47034,46.09
BTC,2025-06-02,17721500507.53389,36965394200.22526,47.94
BTC,2025-06-03,26313843058.73954,51273786845.45321,51.32
BTC,2025-06-04,25925661121.080395,52487942069.08285,49.39
BTC,2025-06-05,25812143562.797962,50963965851.729034,50.65
BTC,2025-06-06,39711941132.0234,80405153672.42836,49.39
BTC,2025-06-07,29897390978.090103,58429614464.82016,51.17
BTC,2025-06-08,17749731308.73042,33677437947.295097,52.71
BTC,2025-06-09,16044679696.270103,33732800199.878975,47.56
BTC,2025-06-10,38222993297.50514,69323978012.00978,55.14
BTC,2025-06-11,36303839182.734825,89252059820.69496,40.68
BTC,2025-06-12,30338936631.626648,72556746076.17203,41.81
BTC,2025-06-13,35865159511.38857,73477264888.64241,48.81
BTC,2025-06-14,49471015505.74361,107553543648.06952,46.0
BTC,2025-06-15,17916412455.866283,37581656085.11908,47.67
BTC,2025-06-16,16568441852.649668,36299964752.27392,45.64
BTC,2025-06-17,32095957011.724205,72167291789.76183,44.47
BTC,2025-06-18,38603212010.889435,79060616600.01633,48.83
BTC,2025-06-19,30339326410.154945,59941093324.872284,50.62
BTC,2025-06-20,18063282658.152298,36762795353.56502,49.13
BTC,2025-06-21,30632751225.407444,63186772535.43574,48.48
BTC,2025-06-22,21644463198.719532,48346697442.30549,44.77
BTC,2025-06-23,51287142390.02526,98654148157.21466,51.99
BTC,2025-06-24,50011797128.6837,94120149629.01662,53.14
BTC,2025-06-25,31704641076.941063,64460589748.87191,49.18
BTC,2025-06-26,30468274982.034847,56629936728.576004,53.8
BTC,2025-06-27,24320699663.15122,51845699964.77992,46.91
BTC,2025-06-28,25194306261.888832,48534969374.685234,51.91
BTC,2025-06-29,8960877693.57604,22657359275.561264,39.55
BTC,2025-06-30,14881078675.366829,32757808112.218296,45.43
BTC,2025-07-01,22489515582.41552,52850716056.232666,42.55
BTC,2025-07-02,25033160828.30909,48634832132.18892,51.47
BTC,2025-07-03,36395184773.06136,72179924186.28946,50.42
BTC,2025-07-04,29892049537.628605,63410056972.74631,47.14
BTC,2025-07-05,24248906784.57383,51039208959.72047,47.51
BTC,2025-07-06,10042942280.966904,21918348896.914062,45.82
BTC,2025-07-07,14638669497.351297,33286335813.939587,43.98
BTC,2025-07-08,25493246475.80407,53758441873.395096,47.42
BTC,2025-07-09,20488865138.27645,46249139230.53534,44.3
BTC,2025-07-10,37078460440.66385,79406200546.65007,46.69
BTC,2025-07-11,56204086624.04028,122967868408.50374,45.71
BTC,2025-07-12,64185145923.88688,158914434397.25327,40.39
BTC,2025-07-13,24351256098.393543,69433432544.0193,35.07
BTC,2025-07-14,27310851454.97692,69536691041.34099,39.28
BTC,2025-07-15,68915956378.80447,154123032111.96478,44.71
BTC,2025-07-16,80299520980.2335,160644177747.85718,49.99
BTC,2025-07-17,50374263848.76278,148371519559.44952,33.95
BTC,2025-07-18,49282617205.72662,154413757842.16635,31.92
BTC,2025-07-19,58896449260.69391,208325843311.6323,28.27
BTC,2025-07-20,23934511126.349533,86479588608.98816,27.68
BTC,2025-07-21,36702153882.06748,143087005814.81604,25.65
BTC,2025-07-22,46344384345.39471,157648075500.97314,29.4
BTC,2025-07-23,58939000420.94166,179519555463.33194,32.83
BTC,2025-07-24,45225685167.61703,157119923744.90015,28.78
BTC,2025-07-25,51940414419.3327,155363445660.99442,33.43
BTC,2025-07-26,91617702596.10347,188180667583.36777,48.69
BTC,2025-07-27,25145925063.881348,69371334945.93025,36.25
BTC,2025-07-28,30220402191.467663,78175026317.21762,38.66
BTC,2025-07-29,43433742203.62158,116549012990.38681,37.27
BTC,2025-07-30,42860287143.68828,101576290943.20451,42.2
BTC,2025-07-31,43054424656.58649,94820060655.81514,45.41
BTC,2025-08-01,45238249453.35885,96116802092.73843,47.07
BTC,2025-08-02,65794680822.25255,140644281482.18854,46.78
BTC,2025-08-03,33543439044.09785,79840057228.43347,42.01
BTC,2025-08-04,24689273719.085533,57413980338.257095,43.0
BTC,2025-08-05,32488023582.82734,78928327180.84772,41.16
BTC,2025-08-06,37316213251.97167,83687712746.11066,44.59
BTC,2025-08-07,32052509631.058872,69222790463.72266,46.3
BTC,2025-08-08,38289687095.00489,90946489808.74046,42.1
BTC,2025-08-09,33017415812.97353,96389592344.50494,34.25
BTC,2025-08-10,27638785406.21056,84726715807.5078,32.62
BTC,2025-08-11,37157754754.85189,83538953653.14426,44.48
BTC,2025-08-12,61739781527.95854,129877488489.1313,47.54
BTC,2025-08-13,46941089789.57991,129351315385.40756,36.29
BTC,2025-08-14,61818118105.53991,156697543382.8216,39.45
BTC,2025-08-15,73822008367.99681,190685445143.8854,38.71
BTC,2025-08-16,44268714220.021,128165186780.4433,34.54
BTC,2025-08-17,23202714236.542347,63194748927.95079,36.72
BTC,2025-08-18,20906566026.645443,68171496498.81637,30.67
BTC,2025-08-19,47337926940.98573,120422067935.12341,39.31
BTC,2025-08-20,46156885037.403885,114050733152.28964,40.47
BTC,2025-08-21,42166369117.006935,108983951131.75526,38.69
BTC,2025-08-22,32048202090.65466,73730433193.43869,43.47
BTC,2025-08-23,50878158870.82928,150059633948.13818,33.91
BTC,2025-08-24,27306719885.257973,77648070301.84262,35.17
BTC,2025-08-25,40682656776.69001,112188385303.5502,36.26
BTC,2025-08-26,52854872363.936554,134451758804.67093,39.31
BTC,2025-08-27,43023800053.0546,103408832441.26248,41.61
BTC,2025-08-28,36957904262.995804,101783533283.64479,36.31
BTC,2025-08-29,34222495087.206894,91788317974.28879,37.28
BTC,2025-08-30,51702115726.38959,121815638028.6771,42.44
BTC,2025-08-31,27799981330.792213,60757168313.430725,45.76
BTC,2025-09-01,26140904019.246822,61721515671.96432,42.35
BTC,2025-09-02,42999610648.39302,100967594569.40102,42.59
BTC,2025-09-03,50235464642.845955,108532564204.34975,46.29
BTC,2025-09-04,36406080683.42747,85408198604.08167,42.63
BTC,2025-09-05,38708366685.43147,84506615215.71945,45.81
BTC,2025-09-06,56020470627.40665,116472601707.85248,48.1
BTC,2025-09-07,19340758702.076332,43962267438.37413,43.99
BTC,2025-09-08,22147049159.335133,51875868853.53597,42.69
BTC,2025-09-09,37159847899.8603,89452339604.0438,41.54
BTC,2025-09-10,45338021458.38368,100685309090.73405,45.03
BTC,2025-09-11,52205187155.05567,112065865717.64972,46.58
BTC,2025-09-12,43752917632.95067,104051427317.39064,42.05
BTC,2025-09-13,51192951485.864395,122102133973.8489,41.93
BTC,2025-09-14,30063858747.76022,90619751995.65901,33.18
BTC,2025-09-15,26889399414.610912,77438713771.1725,34.72
BTC,2025-09-16,46947581231.08198,110643523118.18439,42.43
BTC,2025-09-17,39964451595.099724,91593748797.18481,43.63
BTC,2025-09-18,54740952295.37868,128166912629.88585,42.71
BTC,2025-09-19,43642467075.25838,104688282610.77356,41.69
BTC,2025-09-20,34296721252.33001,87938241498.44403,39.0
BTC,2025-09-21,18774953731.290394,48136739216.30006,39.0
BTC,2025-09-22,18659113982.495464,49652650644.726746,37.58
BTC,2025-09-23,69152342029.46799,162656687045.66382,42.51
BTC,2025-09-24,46154878824.043465,101678202850.48238,45.39
ETH,2024-10-03,20613586399.40693,73799976091.63419,27.93
ETH,2024-10-04,18771995105.191242,67829329211.25461,27.68
ETH,2024-10-05,15230883994.399237,54587819402.45792,27.9
ETH,2024-10-06,7362867897.959902,22832337498.377037,32.25
ETH,2024-10-07,7641011283.520121,27065638154.54815,28.23
ETH,2024-10-08,16943828822.371426,61013406835.92154,27.77
ETH,2024-10-09,13601054198.545612,49731081312.67464,27.35
ETH,2024-10-10,14384326799.317202,50325743088.27555,28.58
ETH,2024-10-11,14686776834.298496,51303124488.71022,28.63
ETH,2024-10-12,13097241431.234644,52582468572.21062,24.91
ETH,2024-10-13,8538997411.470292,32058408456.33405,26.64
ETH,2024-10-14,7516544091.44527,30139081955.48566,24.94
ETH,2024-10-15,21502937840.286705,77955533834.23276,27.58
ETH,2024-10-16,21986428173.14599,85643246130.48627,25.67
ETH,2024-10-17,16135687550.25065,66955444657.533195,24.1
ETH,2024-10-18,14330391810.475258,57582125250.93891,24.89
ETH,2024-10-19,16301885114.203026,64405664629.94322,25.31
ETH,2024-10-20,7337169826.464913,27577704174.306507,26.61
ETH,2024-10-21,12697856633.571321,37296379807.70264,34.05
ETH,2024-10-22,17340865615.868176,69398215676.97786,24.99
ETH,2024-10-23,15418370745.51069,57570968862.7688,26.78
ETH,2024-10-24,19004341635.326817,62318059641.12657,30.5
ETH,2024-10-25,16708110976.636312,62381651805.04651,26.78
ETH,2024-10-26,23734197478.807434,85290658341.30379,27.83
ETH,2024-10-27,13434262241.34632,42439766737.15561,31.65
ETH,2024-10-28,8656317174.654642,32157504799.240273,26.92
ETH,2024-10-29,19560694034.693996,73607978495.9065,26.57
ETH,2024-10-30,22541317733.245987,102639137332.59961,21.96
ETH,2024-10-31,22790792400.863556,77374665402.4982,29.46
ETH,2024-11-01,20097565241.562813,76394947022.17523,26.31
ETH,2024-11-02,20396109310.40712,86508135410.27368,23.58
ETH,2024-11-03,8253307127.229915,29143001596.567253,28.32
ETH,2024-11-04,14546539750.496363,62264788704.80345,23.36
ETH,2024-11-05,17316680977.698635,74309656995.51534,23.3
ETH,2024-11-06,18024855703.904736,71561261187.91727,25.19
ETH,2024-11-07,42388106411.06861,206720903227.75894,20.5
ETH,2024-11-08,36844374455.9351,121867840486.64946,30.23
ETH,2024-11-09,33688997426.40259,103802183298.93832,32.45
ETH,2024-11-10,30583711140.36284,79391411712.27036,38.52
ETH,2024-11-11,47726595161.32535,191304812666.54254,24.95
ETH,2024-11-12,62390436438.24982,248806970261.5656,25.08
ETH,2024-11-13,60074013245.45247,299453118108.2419,20.06
ETH,2024-11-14,65592582441.25777,269310496755.8302,24.36
ETH,2024-11-15,37531565153.535194,185795747186.72955,20.2
ETH,2024-11-16,33076552515.401417,163423617859.15598,20.24
ETH,2024-11-17,26503107468.25979,129711861314.61682,20.43
ETH,2024-11-18,28547657381.28478,122138787205.32182,23.37
ETH,2024-11-19,35364731417.99857,152486355977.13095,23.19
ETH,2024-11-20,29767245881.040333,146803564365.2114,20.28
ETH,2024-11-21,29508936260.346874,146601732390.43625,20.13
ETH,2024-11-22,55714132904.97961,219032247667.8065,25.44
ETH,2024-11-23,36536922518.79305,179827200099.4636,20.32
ETH,2024-11-24,42885423857.47691,159793709127.50455,26.84
ETH,2024-11-25,30123422893.99126,129074091996.32132,23.34
ETH,2024-11-26,53625394443.87371,189014111336.94476,28.37
ETH,2024-11-27,41896722105.13149,182899647490.49875,22.91
ETH,2024-11-28,48465294233.32744,163292531856.3333,29.68
ETH,2024-11-29,33082767875.13153,108965169478.69325,30.36
ETH,2024-11-30,28800628431.21762,138237135730.09418,20.83
ETH,2024-12-01,31961998508.230377,112391944676.66638,28.44
ETH,2024-12-02,29705280034.459038,118419567333.00839,25.08
ETH,2024-12-03,49031522663.40944,256397065379.98724,19.12
ETH,2024-12-04,39557549415.34987,215786175005.0896,18.33
ETH,2024-12-05,59744855714.19937,228679266408.20862,26.13
ETH,2024-12-06,64995601294.502495,334080920871.0966,19.46
ETH,2024-12-07,55954471926.67034,215530341175.81403,25.96
ETH,2024-12-08,21959792763.543846,120055553720.91534,18.29
ETH,2024-12-09,20728146237.12733,117813782138.93661,17.59
ETH,2024-12-10,59141397866.09827,271646650309.02338,21.77
ETH,2024-12-11,63643513993.15369,262460391489.62634,24.25
ETH,2024-12-12,38471623681.40909,200893672467.82428,19.15
ETH,2024-12-13,47474608675.336655,192463719417.3629,24.67
ETH,2024-12-14,36218321642.49857,147564281421.95566,24.54
ETH,2024-12-15,28647722345.409325,111628674790.30385,25.66
ETH,2024-12-16,24816850994.80954,117207634030.78397,21.17
ETH,2024-12-17,50679799770.94302,203731856273.98508,24.88
ETH,2024-12-18,32823036037.584606,162842683926.46942,20.16
ETH,2024-12-19,50734709374.83128,211579757379.47858,23.98
ETH,2024-12-20,64452959600.863884,222080049114.12375,29.02
ETH,2024-12-21,72936574193.4554,251022810511.0296,29.06
ETH,2024-12-22,32479699770.041058,123903729316.12164,26.21
ETH,2024-12-23,25811397925.979923,98499981434.43784,26.2
ETH,2024-12-24,35528067791.09896,131518458266.65631,27.01
ETH,2024-12-25,24085249644.32143,93489907110.1472,25.76
ETH,2024-12-26,17503804977.00058,65512138374.55519,26.72
ETH,2024-12-27,21239977785.94795,83398246241.22136,25.47
ETH,2024-12-28,24582312087.174118,83121126941.12811,29.57
ETH,2024-12-29,13861298668.649797,47525538349.80098,29.17
ETH,2024-12-30,11315432322.371536,46537952384.90538,24.31
ETH,2024-12-31,27664137021.813133,103479673158.07904,26.73
ETH,2025-01-01,21466394178.61746,82481163582.66083,26.03
ETH,2025-01-02,13440599794.35101,52047324412.88464,25.82
ETH,2025-01-03,22683249623.05199,89936011157.70258,25.22
ETH,2025-01-04,22019312215.306797,81870703681.4585,26.9
ETH,2025-01-05,15951962220.78043,55873081258.09032,28.55
ETH,2025-01-06,12542101206.558632,47620717337.12535,26.34
ETH,2025-01-07,24440100572.59286,89521848486.64915,27.3
ETH,2025-01-08,32832589510.813023,118994026755.82504,27.59
ETH,2025-01-09,35080974963.72023,127961499343.1903,27.42
ETH,2025-01-10,30096896683.041233,117373353689.61998,25.64
ETH,2025-01-11,26722437003.95787,109737139221.82556,24.35
ETH,2025-01-12,11047744222.743227,43504849156.39065,25.39
ETH,2025-01-13,9699706283.258541,40657252635.9086,23.86
ETH,2025-01-14,41743898872.017,146109390722.31793,28.57
ETH,2025-01-15,22365842880.809456,92448943720.74931,24.19
ETH,2025-01-16,23773995063.828526,121686121337.49971,19.54
ETH,2025-01-17,25012556602.905136,118445426625.58188,21.12
ETH,2025-01-18,27778832363.7708,129893649185.59523,21.39
ETH,2025-01-19,32195594202.134895,132426683304.00342,24.31
ETH,2025-01-20,59678736709.7496,195979047148.12668,30.45
ETH,2025-01-21,49563768850.78339,234951213917.22968,21.1
ETH,2025-01-22,33762939512.697853,168945269059.72885,19.98
ETH,2025-01-23,21782301388.383984,102810700424.85626,21.19
ETH,2025-01-24,33863218042.431107,165389831097.51852,20.47
ETH,2025-01-25,25895320216.868122,99800149488.37936,25.95
ETH,2025-01-26,12706329663.414034,49384881576.32483,25.73
ETH,2025-01-27,13000445022.22209,46177671227.76023,28.15
ETH,2025-01-28,41151086046.07612,175740679658.00165,23.42
ETH,2025-01-29,19807794444.483303,86161066748.21515,22.99
ETH,2025-01-30,22051422147.78046,89104472391.18024,24.75
ETH,2025-01-31,19504592311.356525,77566497884.45226,25.15
ETH,2025-02-01,31441846706.254246,84004721546.69814,37.43
ETH,2025-02-02,18969060074.552986,55659911519.688385,34.08
ETH,2025-02-03,38896518795.21238,135657963564.05807,28.67
ETH,2025-02-04,96588727629.45805,300352274108.77686,32.16
ETH,2025-02-05,52737830809.63367,160683376103.32205,32.82
ETH,2025-02-06,30026391038.27177,96777342255.42578,31.03
ETH,2025-02-07,31349967107.97825,94113394057.8809,33.31
ETH,2025-02-08,30948837988.08186,108773441118.50618,28.45
ETH,2025-02-09,16335613332.591795,48238145593.879456,33.86
ETH,2025-02-10,17155535243.908037,56576319143.37669,30.32
ETH,2025-02-11,18843420567.42921,71428035630.7184,26.38
ETH,2025-02-12,21212910085.211273,75298921996.9273,28.17
ETH,2025-02-13,26503660438.845695,93190076020.57309,28.44
ETH,2025-02-14,18938191215.29619,65852955880.842926,28.76
ETH,2025-02-15,17416785872.704834,69437633770.58023,25.08
ETH,2025-02-16,8896321414.559013,33821555790.71492,26.3
ETH,2025-02-17,8757895115.47748,31939662329.396217,27.42
ETH,2025-02-18,24666373348.432693,65315149810.47824,37.77
ETH,2025-02-19,24353300611.506603,81776287737.10277,29.78
ETH,2025-02-20,13398586820.912325,54913239236.37931,24.4
ETH,2025-02-21,14550027648.522171,51394720764.551216,28.31
ETH,2025-02-22,31770375573.3895,92418649017.54459,34.38
ETH,2025-02-23,17576653979.14654,45008572781.39498,39.05
ETH,2025-02-24,21394599890.269897,45403237726.8412,47.12
ETH,2025-02-25,31014455208.756138,100789449495.78125,30.77
ETH,2025-02-26,42875934003.323944,175280842181.26215,24.46
ETH,2025-02-27,28109120496.698666,117473602666.15129,23.93
ETH,2025-02-28,89259450649.58,185380847690.29352,48.15
ETH,2025-03-01,32905594283.00643,139422080184.0289,23.6
ETH,2025-03-02,16103021679.018568,57753523609.15895,27.88
ETH,2025-03-03,37907412347.33495,144525342549.63416,26.23
ETH,2025-03-04,33501080617.480988,139181132639.35074,24.07
ETH,2025-03-05,35524086282.76523,133416658656.22672,26.63
ETH,2025-03-06,22236307931.758247,92906867606.98215,23.93
ETH,2025-03-07,19895800679.328133,87589980370.58487,22.71
ETH,2025-03-08,21716710066.08888,111066035824.0424,19.55
ETH,2025-03-09,11257666715.795546,40204446647.53454,28.0
ETH,2025-03-10,17577023963.685375,64912027764.706604,27.08
ETH,2025-03-11,36577317615.21765,108509737936.96526,33.71
ETH,2025-03-12,30046602111.893852,109491938890.50078,27.44
ETH,2025-03-13,24499314730.70381,83503503350.28712,29.34
ETH,2025-03-14,19212414462.181553,66737035611.38443,28.79
ETH,2025-03-15,12949972214.265629,54973406283.19751,23.56
ETH,2025-03-16,6944891086.050841,27095600688.54472,25.63
ETH,2025-03-17,9486242392.181334,41466300745.728386,22.88
ETH,2025-03-18,11251166846.249075,42415778455.725555,26.53
ETH,2025-03-19,10887619567.393353,46938549486.13156,23.2
ETH,2025-03-20,20374739988.65224,75157173941.71811,27.11
ETH,2025-03-21,14303790085.616615,54855094547.30285,26.08
ETH,2025-03-22,9890112887.282015,38074853179.26309,25.98
ETH,2025-03-23,6195605844.536302,19772214429.280254,31.33
ETH,2025-03-24,7991413702.677865,27844791994.941376,28.7
ETH,2025-03-25,15676451247.546822,57379119346.77784,27.32
ETH,2025-03-26,12563169733.005245,55714256474.134834,22.55
ETH,2025-03-27,14024859854.906677,52720183168.21936,26.6
ETH,2025-03-28,12136188059.422693,49006493149.14017,24.76
ETH,2025-03-29,18419487648.39739,63820554798.8374,28.86
ETH,2025-03-30,12924117064.878807,40544947241.325516,31.88
ETH,2025-03-31,10056531345.160347,31597276843.207077,31.83
ETH,2025-04-01,17022367813.88877,60465990879.14211,28.15
ETH,2025-04-02,15899367803.5509,58159624973.220825,27.34
ETH,2025-04-03,23450470660.978283,88894279305.22762,26.38
ETH,2025-04-04,16999031833.158594,70556006869.72025,24.09
ETH,2025-04-05,19459233591.298603,72691156815.87129,26.77
ETH,2025-04-06,6780827627.545529,28136991513.11626,24.1
ETH,2025-04-07,23485484227.161697,74658468750.32703,31.46
ETH,2025-04-08,49416724296.56089,167658421597.2343,29.47
ETH,2025-04-09,22451028357.384758,89376886202.00171,25.12
ETH,2025-04-10,41589589714.84994,155619945969.56537,26.73
ETH,2025-04-11,20486375929.10568,76704121069.65944,26.71
ETH,2025-04-12,14195085224.783228,66268243867.73496,21.42
ETH,2025-04-13,11756571644.476357,46393373030.75275,25.34
ETH,2025-04-14,13775001676.60885,55005810833.42204,25.04
ETH,2025-04-15,15415724739.820591,61552570256.753296,25.04
ETH,2025-04-16,11786525215.180002,47369657408.29489,24.88
ETH,2025-04-17,13120084885.866234,52461074804.32293,25.01
ETH,2025-04-18,9437178720.867388,38441234867.17872,24.55
ETH,2025-04-19,5254078676.877919,21568380558.243504,24.36
ETH,2025-04-20,5148626529.402773,24220253855.772865,21.26
ETH,2025-04-21,6695768150.024456,26704868482.667274,25.07
ETH,2025-04-22,15275062279.387148,67308811870.03099,22.69
ETH,2025-04-23,24271980430.95098,94828970233.18427,25.6
ETH,2025-04-24,22099177230.61867,81529711229.18646,27.11
ETH,2025-04-25,12923295609.972548,59831540799.08908,21.6
ETH,2025-04-26,15656748328.784924,71327803145.65506,21.95
ETH,2025-04-27,10293614895.776522,36460531957.10959,28.23
ETH,2025-04-28,9632458065.106846,36539589821.66021,26.36
ETH,2025-04-29,16777384305.88931,64014668162.63626,26.21
ETH,2025-04-30,13994558644.11867,50710966278.0255,27.6
ETH,2025-05-01,13644627083.285889,51829521179.419495,26.33
ETH,2025-05-02,14310565589.052694,55821966798.78768,25.64
ETH,2025-05-03,11686301446.49476,44820705085.94003,26.07
ETH,2025-05-04,6704990478.824657,26836837904.96347,24.98
ETH,2025-05-05,7479845748.828526,29384468838.336117,25.46
ETH,2025-05-06,10545233503.347864,44097819293.16645,23.91
ETH,2025-05-07,11950393736.527246,45567297877.603546,26.23
ETH,2025-05-08,47111217119.49919,124447440707.52536,37.86
ETH,2025-05-09,35992825075.05399,109012040162.90446,33.02
ETH,2025-05-10,44566779461.54657,111472497040.69254,39.98
ETH,2025-05-11,29947910159.02891,71701807324.12112,41.77
ETH,2025-05-12,26138286410.23315,73091917941.73894,35.76
ETH,2025-05-13,31524626114.978752,109485160784.4527,28.79
ETH,2025-05-14,32279895881.637806,88717146221.02483,36.39
ETH,2025-05-15,28150234190.931705,75865757086.51486,37.11
ETH,2025-05-16,26211434557.7159,77812758041.02379,33.69
ETH,2025-05-17,21130441534.96637,61865919902.51393,34.16
ETH,2025-05-18,17185510890.702347,47471944887.32502,36.2
ETH,2025-05-19,24797434472.364086,71020380458.57863,34.92
ETH,2025-05-20,25363871274.82505,84617429532.09836,29.97
ETH,2025-05-21,22871462735.416794,73616229898.13965,31.07
ETH,2025-05-22,32697477527.54695,113470090501.12033,28.82
ETH,2025-05-23,29592612076.505535,103289345075.12479,28.65
ETH,2025-05-24,30047329191.503662,103773654941.83304,28.95
ETH,2025-05-25,10744994421.192684,47654390240.13896,22.55
ETH,2025-05-26,13814697849.726278,54878669283.05621,25.17
ETH,2025-05-27,13350148034.293623,51020683543.272,26.17
ETH,2025-05-28,26434151855.253853,77923173639.70227,33.92
ETH,2025-05-29,18008588586.284103,58821099348.765564,30.62
ETH,2025-05-30,27021441335.5195,77671055805.35596,34.79
ETH,2025-05-31,22927149330.30469,78966273467.29623,29.03
ETH,2025-06-01,13006751258.18768,44331168213.47034,29.34
ETH,2025-06-02,11338340571.11249,36965394200.22526,30.67
ETH,2025-06-03,15623967732.418657,51273786845.45321,30.47
ETH,2025-06-04,15955008730.338179,52487942069.08285,30.4
ETH,2025-06-05,16809606446.176416,50963965851.729034,32.98
ETH,2025-06-06,25849573159.64817,80405153672.42836,32.15
ETH,2025-06-07,18395107930.47655,58429614464.82016,31.48
ETH,2025-06-08,9535426814.691927,33677437947.295097,28.31
ETH,2025-06-09,10206893115.537256,33732800199.878975,30.26
ETH,2025-06-10,19485734665.28548,69323978012.00978,28.11
ETH,2025-06-11,38281210143.95115,89252059820.69496,42.89
ETH,2025-06-12,27369030837.548595,72556746076.17203,37.72
ETH,2025-06-13,26068993569.969894,73477264888.64241,35.48
ETH,2025-06-14,38576471746.00814,107553543648.06952,35.87
ETH,2025-06-15,12077031034.291521,37581656085.11908,32.14
ETH,2025-06-16,11678912429.510712,36299964752.27392,32.17
ETH,2025-06-17,24222149649.172424,72167291789.76183,33.56
ETH,2025-06-18,25926506708.040215,79060616600.01633,32.79
ETH,2025-06-19,17800721253.243202,59941093324.872284,29.7
ETH,2025-06-20,10392473841.155851,36762795353.56502,28.27
ETH,2025-06-21,20482816663.29469,63186772535.43574,32.42
ETH,2025-06-22,16155611764.84833,48346697442.30549,33.42
ETH,2025-06-23,28181442532.315876,98654148157.21466,28.57
ETH,2025-06-24,25494295400.420887,94120149629.01662,27.09
ETH,2025-06-25,19669025068.963604,64460589748.87191,30.51
ETH,2025-06-26,15513055665.262428,56629936728.576004,27.39
ETH,2025-06-27,16271811388.723804,51845699964.77992,31.39
ETH,2025-06-28,13100825617.816572,48534969374.685234,26.99
ETH,2025-06-29,5787313890.541637,22657359275.561264,25.54
ETH,2025-06-30,10236257918.833096,32757808112.218296,31.25
ETH,2025-07-01,16306915984.938057,52850716056.232666,30.85
ETH,2025-07-02,12933967031.524443,48634832132.18892,26.59
ETH,2025-07-03,21862573614.17975,72179924186.28946,30.29
ETH,2025-07-04,19823369642.62606,63410056972.74631,31.26
ETH,2025-07-05,16377116416.187033,51039208959.72047,32.09
ETH,2025-07-06,6801276942.284494,21918348896.914062,31.03
ETH,2025-07-07,9051659015.949968,33286335813.939587,27.19
ETH,2025-07-08,15947822897.049152,53758441873.395096,29.67
ETH,2025-07-09,14750377128.581295,46249139230.53534,31.89
ETH,2025-07-10,26626246774.244656,79406200546.65007,33.53
ETH,2025-07-11,39308824585.23128,122967868408.50374,31.97
ETH,2025-07-12,42455550664.554665,158914434397.25327,26.72
ETH,2025-07-13,17472135946.60354,69433432544.0193,25.16
ETH,2025-07-14,18605172049.087772,69536691041.34099,26.76
ETH,2025-07-15,41336421998.04408,154123032111.96478,26.82
ETH,2025-07-16,43416230283.76601,160644177747.85718,27.03
ETH,2025-07-17,54882159731.0286,148371519559.44952,36.99
ETH,2025-07-18,45678965280.66659,154413757842.16635,29.58
ETH,2025-07-19,72535524453.98022,208325843311.6323,34.82
ETH,2025-07-20,27017909119.384834,86479588608.98816,31.24
ETH,2025-07-21,55175056732.09093,143087005814.81604,38.56
ETH,2025-07-22,47245582310.60992,157648075500.97314,29.97
ETH,2025-07-23,52357062545.19388,179519555463.33194,29.17
ETH,2025-07-24,47655045407.89862,157119923744.90015,30.33
ETH,2025-07-25,47332291813.01175,155363445660.99442,30.47
ETH,2025-07-26,48622472830.12327,188180667583.36777,25.84
ETH,2025-07-27,25352434514.72998,69371334945.93025,36.55
ETH,2025-07-28,26045280361.31318,78175026317.21762,33.32
ETH,2025-07-29,38743589826.42135,116549012990.38681,33.24
ETH,2025-07-30,34923369443.87463,101576290943.20451,34.38
ETH,2025-07-31,28710848449.745983,94820060655.81514,30.28
ETH,2025-08-01,31312115686.896267,96116802092.73843,32.58
ETH,2025-08-02,42431734230.15089,140644281482.18854,30.17
ETH,2025-08-03,28164675444.895985,79840057228.43347,35.28
ETH,2025-08-04,18338718249.174084,57413980338.257095,31.94
ETH,2025-08-05,28536476594.95387,78928327180.84772,36.15
ETH,2025-08-06,29411744198.367584,83687712746.11066,35.14
ETH,2025-08-07,23256150904.877857,69222790463.72266,33.6
ETH,2025-08-08,31981627910.70641,90946489808.74046,35.17
ETH,2025-08-09,37861934037.3479,96389592344.50494,39.28
ETH,2025-08-10,37686735734.66866,84726715807.5078,44.48
ETH,2025-08-11,26481154882.304214,83538953653.14426,31.7
ETH,2025-08-12,43010572110.88258,129877488489.1313,33.12
ETH,2025-08-13,52840297700.59488,129351315385.40756,40.85
ETH,2025-08-14,58870844448.59354,156697543382.8216,37.57
ETH,2025-08-15,66924319529.18441,190685445143.8854,35.1
ETH,2025-08-16,50038927770.639565,128165186780.4433,39.04
ETH,2025-08-17,21104759591.061535,63194748927.95079,33.4
ETH,2025-08-18,28100356151.382523,68171496498.81637,41.22
ETH,2025-08-19,43935703176.22011,120422067935.12341,36.48
ETH,2025-08-20,41626342123.38552,114050733152.28964,36.5
ETH,2025-08-21,39857177022.84433,108983951131.75526,36.57
ETH,2025-08-22,21703206731.83165,73730433193.43869,29.44
ETH,2025-08-23,61856673933.04883,150059633948.13818,41.22
ETH,2025-08-24,27814037595.094646,77648070301.84262,35.82
ETH,2025-08-25,41157770217.98017,112188385303.5502,36.69
ETH,2025-08-26,48217069690.885376,134451758804.67093,35.86
ETH,2025-08-27,35263906282.176544,103408832441.26248,34.1
ETH,2025-08-28,35898825608.295586,101783533283.64479,35.27
ETH,2025-08-29,29189873860.227936,91788317974.28879,31.8
ETH,2025-08-30,38006835596.328514,121815638028.6771,31.2
ETH,2025-08-31,19199178188.100254,60757168313.430725,31.6
ETH,2025-09-01,22269795530.723904,61721515671.96432,36.08
ETH,2025-09-02,31725195638.84437,100967594569.40102,31.42
ETH,2025-09-03,32990260980.341236,108532564204.34975,30.4
ETH,2025-09-04,30818352470.84173,85408198604.08167,36.08
ETH,2025-09-05,29893273380.076374,84506615215.71945,35.37
ETH,2025-09-06,37950930494.82325,116472601707.85248,32.58
ETH,2025-09-07,14497961323.191992,43962267438.37413,32.98
ETH,2025-09-08,14920604279.616674,51875868853.53597,28.76
ETH,2025-09-09,26393884729.75394,89452339604.0438,29.51
ETH,2025-09-10,28408982228.170376,100685309090.73405,28.22
ETH,2025-09-11,34848418445.62599,112065865717.64972,31.1
ETH,2025-09-12,33593064568.960487,104051427317.39064,32.29
ETH,2025-09-13,39138140052.58744,122102133973.8489,32.05
ETH,2025-09-14,30452117451.68358,90619751995.65901,33.6
ETH,2025-09-15,23827529566.903904,77438713771.1725,30.77
ETH,2025-09-16,33863743706.690956,110643523118.18439,30.61
ETH,2025-09-17,28053763147.05997,91593748797.18481,30.63
ETH,2025-09-18,41727122821.76891,128166912629.88585,32.56
ETH,2025-09-19,29381752919.13096,104688282610.77356,28.07
ETH,2025-09-20,28156319659.26727,87938241498.44403,32.02
ETH,2025-09-21,14314030981.454111,48136739216.30006,29.74
ETH,2025-09-22,15910684640.581882,49652650644.726746,32.04
ETH,2025-09-23,52988093949.58233,162656687045.66382,32.58
ETH,2025-09-24,29902684711.810097,101678202850.48238,29.41
