date,type,weighted_return,weighted_rolling_return
2024-10-03,Altcoin,-2.8311495341449424,-0.8284124952841976
2024-10-03,BTC,-0.3566604799017714,-0.5480769034135381
2024-10-03,ETH,-3.5242034355751906,-1.189023661920677
2024-10-04,Altcoin,-1.1774775205260062,-1.473350822633246
2024-10-04,BTC,0.11920450486726519,-0.9786915572948481
2024-10-04,ETH,-0.7283095403867956,-1.5832816239269512
2024-10-05,Altcoin,3.213129243607422,-1.2640147503614425
2024-10-05,BTC,2.264440788224431,-0.8000148899810045
2024-10-05,ETH,2.934984099980942,-1.5291188104566567
2024-10-06,Altcoin,0.08439746776647467,-1.284843559328657
2024-10-06,BTC,-0.01783792372410664,-0.8336366647288287
2024-10-06,ETH,-0.06266623677604333,-1.4429062740934013
2024-10-07,Altcoin,1.7586956084785719,-1.0726624042102118
2024-10-07,BTC,1.1593569614392951,-0.6094238788874529
2024-10-07,ETH,0.9367832687313449,-1.199241026168815
2024-10-08,Altcoin,-0.8545865771662223,-0.5383946990626589
2024-10-08,BTC,-0.8348902997140861,-0.202111412101545
2024-10-08,ETH,-0.626746411207979,-0.954301669682137
2024-10-09,Altcoin,0.626887783710122,0.12248115938294915
2024-10-09,BTC,-0.16401342423698617,0.3099428752791487
2024-10-09,ETH,0.7724496283497473,-0.0425298038405678
2024-10-10,Altcoin,-1.803622195810528,0.258051755593482
2024-10-10,BTC,-2.5537896325601883,-0.003932717957767983
2024-10-10,ETH,-3.024825983576407,0.028809832159258444
2024-10-11,Altcoin,-0.7029533569696391,0.3242488491195792
2024-10-11,BTC,-0.6633475591379279,-0.11572586995850985
2024-10-11,ETH,0.5983494543219114,0.21833254568907373
2024-10-12,Altcoin,3.2837889225624735,0.3348301876076489
2024-10-12,BTC,3.650059221153068,0.08221962045986686
2024-10-12,ETH,2.264358457722704,0.12252888250932546
2024-10-13,Altcoin,1.1118648020512278,0.4886214377539537
2024-10-13,BTC,1.3069394929447364,0.27147353712684447
2024-10-13,ETH,1.720203886741034,0.3772246144403365
2024-10-14,Altcoin,-0.19535228074062144,0.21166614063437764
2024-10-14,BTC,-0.5984025879554933,0.0203650300704461
2024-10-14,ETH,-0.43397821732293895,0.18140154500401026
2024-10-15,Altcoin,3.705123617294481,0.8519226812576638
2024-10-15,BTC,5.125712466817767,0.871879711003568
2024-10-15,ETH,6.552605410551604,1.2070232338268079
2024-10-16,Altcoin,-0.7331346110580333,0.6583436832558396
2024-10-16,BTC,1.3811129264957867,1.0926120468225355
2024-10-16,ETH,-1.0054513434093693,0.9530373807183626
2024-10-17,Altcoin,0.9392071185979467,1.0521447711365912
2024-10-17,BTC,1.0234490482304848,1.6036461440783458
2024-10-17,ETH,0.3698629642274298,1.4379929446903392
2024-10-18,Altcoin,-1.485884978342995,0.9437841290838642
2024-10-18,BTC,-0.47221060522393277,1.6309514232089166
2024-10-18,ETH,-0.32851653424371685,1.3055835177523925
2024-10-19,Altcoin,2.3330219258615803,0.8134607337195401
2024-10-19,BTC,1.6895083146856615,1.3508727222850017
2024-10-19,ETH,1.5380091642475113,1.201819332970222
2024-10-20,Altcoin,1.0084804211842728,0.8163112490494263
2024-10-20,BTC,-0.11209701734079536,1.14815322081564
2024-10-20,ETH,0.25812957117505864,0.9929515736036542
2024-10-21,Altcoin,1.993266742800869,1.1249327546688734
2024-10-21,BTC,0.8392562707655538,1.3535330577757894
2024-10-21,ETH,3.5087010659073714,1.5561914712079843
2024-10-22,Altcoin,-0.6157185212894206,0.5026403186865596
2024-10-22,BTC,-2.2736471831771854,0.2964816792050819
2024-10-22,ETH,-2.8154703811361204,0.21789492953830925
2024-10-23,Altcoin,-0.5502028038888599,0.525614778773998
2024-10-23,BTC,-0.06500469574240997,0.08989344745676808
2024-10-23,ETH,-1.731855527121684,0.11412290329369286
2024-10-24,Altcoin,-0.26329774865252675,0.36170313520611885
2024-10-24,BTC,-0.9904521015685952,-0.19780671680024334
2024-10-24,ETH,-3.644171659547324,-0.4593106143884148
2024-10-25,Altcoin,2.004287502497271,0.8711923889979137
2024-10-25,BTC,2.294530500419234,0.19744201257735192
2024-10-25,ETH,0.4805739264826414,-0.34372626285607794
2024-10-26,Altcoin,-5.626389907432158,-0.2793777190918413
2024-10-26,BTC,-2.3871719207186337,-0.38494087819469025
2024-10-26,ETH,-4.500402968794381,-1.2063565675763483
2024-10-27,Altcoin,2.7124426842708687,-0.040782112492571465
2024-10-27,BTC,0.6495386953124127,-0.27613577638708914
2024-10-27,ETH,2.3649094884293564,-0.9053880079685913
2024-10-28,Altcoin,1.9376772924874968,-0.04592765573713682
2024-10-28,BTC,1.3733427520678854,-0.19983770762961317
2024-10-28,ETH,1.0538687618661502,-1.2560783371173374
2024-10-29,Altcoin,2.197327422291091,0.3490893227861618
2024-10-29,BTC,2.806580779885004,0.5259091442364139
2024-10-29,ETH,2.367225654519789,-0.5156931891664931
2024-10-30,Altcoin,2.365045507926548,0.7706487602523696
2024-10-30,BTC,4.203301238528079,1.1356671348464837
2024-10-30,ETH,2.8783178723236658,0.14290301075427111
2024-10-31,Altcoin,-1.6122806422220357,0.5658975285727763
2024-10-31,BTC,-0.602479615569973,1.1910917757034298
2024-10-31,ETH,0.719190553492477,0.766240469759957
2024-11-01,Altcoin,-3.558225293110731,-0.22894048139285422
2024-11-01,BTC,-2.871922949984995,0.4530269970742542
2024-11-01,ETH,-5.375625837041054,-0.07035949645771376
2024-11-02,Altcoin,-0.4163229330774313,0.5234232727995339
2024-11-02,BTC,-1.0774565150034165,0.6401291978907137
2024-11-02,ETH,-0.036325674277593034,0.5673658313303988
2024-11-03,Altcoin,-0.7647332094772347,0.021700339522970558
2024-11-03,BTC,-0.3003430245958727,0.5044318093323873
2024-11-03,ETH,-0.8944547492505173,0.10174236880470255
2024-11-04,Altcoin,-2.0495798676206247,-0.550672691769926
2024-11-04,BTC,-0.715238253385142,0.20606309426766906
2024-11-04,ETH,-1.379670983611736,-0.2459061662635669
2024-11-05,Altcoin,-1.4375500778538521,-1.0683997712917077
2024-11-05,BTC,-1.4682513880453385,-0.4046272154366656
2024-11-05,ETH,-2.484044688924103,-0.9389447867555515
2024-11-06,Altcoin,3.801023742029043,-0.872436264707387
2024-11-06,BTC,2.274749501380202,-0.6801346064577908
2024-11-06,ETH,1.1027482487482532,-1.1925975901234676
2024-11-07,Altcoin,9.108118070881067,0.6668653611223799
2024-11-07,BTC,9.065294530360246,0.7009759858179547
2024-11-07,ETH,12.312464748096929,0.4635844376771683
2024-11-08,Altcoin,2.6389337300813698,1.5575215332452963
2024-11-08,BTC,0.4844636615834119,1.1804597874705842
2024-11-08,ETH,6.408466325645623,2.1470261752038367
2024-11-09,Altcoin,1.9727208632975797,1.9147675374082667
2024-11-09,BTC,0.7406238049277425,1.4401855474607501
2024-11-09,ETH,2.2793818537948596,2.4778415363570443
2024-11-10,Altcoin,3.442888692236453,2.5253805062941264
2024-11-10,BTC,0.10477453584205598,1.4980594846661681
2024-11-10,ETH,5.710182677166231,3.421361168702294
2024-11-11,Altcoin,7.687222862277942,4.025191474404066
2024-11-11,BTC,5.006497329726711,2.315450282253576
2024-11-11,ETH,1.976620744460167,3.9008314155697086
2024-11-12,Altcoin,8.10400651619011,5.493878692372013
2024-11-12,BTC,10.154140501042619,3.9757919806947126
2024-11-12,ETH,5.667056558556172,5.065274450924034
2024-11-13,Altcoin,1.1610756236737692,5.1364398072393636
2024-11-13,BTC,-0.42061271344154827,3.590740235720177
2024-11-13,ETH,-3.3164546538018813,4.433959750559728
2024-11-14,Altcoin,-0.2717517968239182,3.7802338027143816
2024-11-14,BTC,2.5191303597959402,2.655573925639562
2024-11-14,ETH,-2.1170374364467115,2.372602295624923
2024-11-15,Altcoin,-0.8956993757822963,3.192741299776837
2024-11-15,BTC,-3.4044115583426238,2.1000203227929854
2024-11-15,ETH,-4.138191084226794,0.8659369513574345
2024-11-16,Altcoin,6.159556734383376,3.836997377936631
2024-11-16,BTC,4.050524087082219,2.572863220243625
2024-11-16,ETH,1.1144718416901789,0.6995212353424802
2024-11-17,Altcoin,4.673132645142773,4.075324914059238
2024-11-17,BTC,-0.3755116046017859,2.5042509144659335
2024-11-17,ETH,1.2918003663400457,0.06832376236731084
2024-11-18,Altcoin,1.4736005437179935,2.9742419857926037
2024-11-18,BTC,-0.8442918921754639,1.6684238827656224
2024-11-18,ETH,-1.8617715629814624,-0.4800179958386362
2024-11-19,Altcoin,2.0480825768470234,2.1695010129811445
2024-11-19,BTC,0.7715286049680525,0.32805075475497
2024-11-19,ETH,4.353369253760264,-0.6676876108094801
2024-11-20,Altcoin,-0.0524723374771688,1.9013382455667722
2024-11-20,BTC,1.8965426968220012,0.6590729562211913
2024-11-20,ETH,-3.007209677012468,-0.6235097569824211
2024-11-21,Altcoin,-0.6230824609140784,1.908385212462359
2024-11-21,BTC,2.1304441033531463,0.6035463481579351
2024-11-21,ETH,-1.2115977261337174,-0.49416122693770764
2024-11-22,Altcoin,5.967336195300293,2.857759203032466
2024-11-22,BTC,4.555542289568737,1.7406826121452725
2024-11-22,ETH,9.454464611023461,1.4476467295266144
2024-11-23,Altcoin,7.366644185516185,3.0418989988739984
2024-11-23,BTC,0.42470825086420305,1.2227089212569844
2024-11-23,ETH,-1.1342986127605315,1.1263938074622273
2024-11-24,Altcoin,1.67754830030915,2.5324151776683475
2024-11-24,BTC,-1.2615614393054253,1.0961303734421788
2024-11-24,ETH,1.9917248381806862,1.226383017725176
2024-11-25,Altcoin,-0.38927769740233914,2.3109690199305057
2024-11-25,BTC,0.34446515098383035,1.2659528081792206
2024-11-25,ETH,-0.7464326442174984,1.3857171489771705
2024-11-26,Altcoin,-5.334697975873232,1.2424275511400416
2024-11-26,BTC,-5.112673333034734,0.42535253132167966
2024-11-26,ETH,1.4423493309607904,0.9698571600058175
2024-11-27,Altcoin,-1.2099653533772292,1.099461363222403
2024-11-27,BTC,-1.1535655159089053,-0.010377213354164068
2024-11-27,ETH,-2.6820860472427377,1.0163033928300647
2024-11-28,Altcoin,4.880630463345826,1.8684556495004114
2024-11-28,BTC,4.404730945900237,0.31452090700970603
2024-11-28,ETH,10.240203777925494,2.652275036267095
2024-11-29,Altcoin,0.6135519802483586,1.1213226552594047
2024-11-29,BTC,-0.3329659127156104,-0.3838374076023436
2024-11-29,ETH,-2.371610309099903,0.962835761963757
2024-11-30,Altcoin,6.009159675916415,0.9070113723308948
2024-11-30,BTC,1.872905599138197,-0.17695207213463013
2024-11-30,ETH,0.5295127126032639,1.200523094158585
2024-12-01,Altcoin,1.1290523111469575,0.8826503483077432
2024-12-01,BTC,-0.9646728290057194,-0.13453941352038642
2024-12-01,ETH,3.1047836485874614,1.359531495645267
2024-12-02,Altcoin,5.722090386689541,1.908904691542637
2024-12-02,BTC,0.8274156497671603,-0.06554648512276787
2024-12-02,ETH,-0.029709630036045542,1.461920497671189
2024-12-03,Altcoin,5.810431415197596,3.687252562752232
2024-12-03,BTC,-1.519417348117258,0.4477757984368715
2024-12-03,ETH,-1.7512871080396897,1.0056867206711204
2024-12-04,Altcoin,7.417850892736925,4.617505762333543
2024-12-04,BTC,0.20712537997853442,0.6421602121350773
2024-12-04,ETH,-0.4979593283393591,1.3177048233716029
2024-12-05,Altcoin,-3.010909306411486,3.2648717395914697
2024-12-05,BTC,2.967603954626963,0.43685635623889535
2024-12-05,ETH,5.894927497520386,0.696951069028016
2024-12-06,Altcoin,-0.6479638578178883,3.0158976071004884
2024-12-06,BTC,-1.6989726197883193,0.24171254094279407
2024-12-06,ETH,-1.1088740853031132,0.877341958141843
2024-12-07,Altcoin,3.3772975073237115,2.6314408775826195
2024-12-07,BTC,2.852169083951117,0.38160732448749696
2024-12-07,ETH,5.71147663550422,1.6176225185562656
2024-12-08,Altcoin,2.7106760695039096,2.7803655945897847
2024-12-08,BTC,-0.19207173848239112,0.4919789088479724
2024-12-08,ETH,-0.317263022569525,1.1287587083909816
2024-12-09,Altcoin,0.6092371322683181,2.0404008823381847
2024-12-09,BTC,1.4567198363335976,0.5818795069288919
2024-12-09,ETH,0.3696569362771962,1.185811075007159
2024-12-10,Altcoin,-11.861508920234227,-0.3886659040326874
2024-12-10,BTC,-3.834059804440537,0.2512162988827093
2024-12-10,ETH,-7.531985591758927,0.3599970059044108
2024-12-11,Altcoin,0.464999897791025,-1.2140160180020858
2024-12-11,BTC,-0.7233733835508183,0.11828790409280174
2024-12-11,ETH,-2.335521816953079,0.09748807895959384
2024-12-12,Altcoin,5.333738733110634,-0.024264595424870777
2024-12-12,BTC,4.628987956416686,0.35562847577704787
2024-12-12,ETH,5.556708148298273,0.049171029070720476
2024-12-13,Altcoin,0.9356145005564547,0.2022546707511873
2024-12-13,BTC,-1.110333832952748,0.4397197310392724
2024-12-13,ETH,1.3255224039991687,0.3969419561139037
2024-12-14,Altcoin,1.2116517678898509,-0.11083620944513162
2024-12-14,BTC,1.3514104232373425,0.22532563665159028
2024-12-14,ETH,0.7368072326418007,-0.31372510143787047
2024-12-15,Altcoin,-1.660988076362053,-0.7072428099416616
2024-12-15,BTC,0.014583727119332757,0.2548478460232651
2024-12-15,ETH,-1.0347942507978214,-0.4162295626133414
2024-12-16,Altcoin,2.2203697209488187,-0.48209242065018415
2024-12-16,BTC,3.309253031330206,0.5194954453084949
2024-12-16,ETH,2.4390940402830186,-0.12059569061250963
2024-12-17,Altcoin,-0.5153485126640185,1.1694615236389425
2024-12-17,BTC,1.2916217755799098,1.2517356710257015
2024-12-17,ETH,0.7962438219101475,1.0691513684830725
2024-12-18,Altcoin,0.10097613149013052,1.0913144814774622
2024-12-18,BTC,-0.036949481629566794,1.3497962284430234
2024-12-18,ETH,-2.841348094141727,0.996890471741837
2024-12-19,Altcoin,-7.906441182937701,-0.8131387833540384
2024-12-19,BTC,-5.3561011861525625,-0.07664507763829789
2024-12-19,ETH,-6.47376767122857,-0.7217489310477122
2024-12-20,Altcoin,-4.458195417612738,-1.535114592059335
2024-12-20,BTC,-2.4953495097224887,-0.27450446003397516
2024-12-20,ETH,-5.335529325065568,-1.6733277494855316
2024-12-21,Altcoin,1.764601203503525,-1.4616839549491425
2024-12-21,BTC,-0.1634310080228185,-0.4909103787854267
2024-12-21,ETH,0.9894224598443246,-1.6372398598851714
2024-12-22,Altcoin,-2.7868238283141067,-1.6331765930239948
2024-12-22,BTC,-0.5001557729872985,-0.5644445930863741
2024-12-22,ETH,-3.778454439032597,-2.029191315347282
2024-12-23,Altcoin,-1.8380511825651042,-2.228058609757541
2024-12-23,BTC,-2.169228127411338,-1.3470847586208805
2024-12-23,ETH,-1.8488688595427072,-2.6417574438938147
2024-12-24,Altcoin,4.836543642187904,-1.4815044502817607
2024-12-24,BTC,-0.4725448497785556,-1.5991085622435182
2024-12-24,ETH,4.235552440161117,-2.150427641286533
2024-12-25,Altcoin,2.831993651885355,-1.0955179644801276
2024-12-25,BTC,4.280001023408508,-0.9824013472380789
2024-12-25,ETH,2.428186014713085,-1.3976370543072743
2024-12-26,Altcoin,-0.9035782972826424,-0.10393108670407804
2024-12-26,BTC,0.657820020223765,-0.12326974632717505
2024-12-26,ETH,-0.087042528676462,-0.4852477482284015
2024-12-27,Altcoin,-4.850966280034667,-0.15669043099012067
2024-12-27,BTC,-3.6908182791129063,-0.2940509990972347
2024-12-27,ETH,-4.770943764670388,-0.40459266817194717
2024-12-28,Altcoin,-0.5767684543936271,-0.47894144233150077
2024-12-28,BTC,-1.407179057310426,-0.4717292918526072
2024-12-28,ETH,0.02468242275126542,-0.5424126734709557
2024-12-29,Altcoin,3.5213410859489622,0.4326204973726603
2024-12-29,BTC,0.9039060541280897,-0.2711490308361232
2024-12-29,ETH,2.0796350780993844,0.29445725754789887
2024-12-30,Altcoin,-3.264209028000004,0.22954707311057385
2024-12-30,BTC,-1.5981278719071734,-0.18956328004981396
2024-12-30,ETH,-1.1920351641824811,0.3882906425993597
2024-12-31,Altcoin,-0.30283490529258295,-0.5005210564603348
2024-12-31,BTC,-1.106264413650393,-0.2800946463172193
2024-12-31,ETH,0.06502781385180345,-0.20749858973054217
2025-01-01,Altcoin,-0.19942356236713027,-0.9269756777423344
2025-01-01,BTC,0.9506665811866322,-0.755713852348916
2025-01-01,ETH,-0.6815399009615253,-0.6517451491126293
2025-01-02,Altcoin,5.168852348966845,-0.09082034141609553
2025-01-02,BTC,0.9371590577636146,-0.7158082755575087
2025-01-02,ETH,0.37012733124741626,-0.5864351691235038
2025-01-03,Altcoin,3.6017252152568147,1.1236693628726904
2025-01-03,BTC,2.6148140488575944,0.18499634272399135
2025-01-03,ETH,2.9613066512529373,0.5181720331512569
2025-01-04,Altcoin,4.922626200832318,1.9182218364365913
2025-01-04,BTC,1.2722443652634308,0.5677711173773995
2025-01-04,ETH,4.528555187556771,1.161582428123472
2025-01-05,Altcoin,0.2795605932584142,1.4612766911776116
2025-01-05,BTC,0.17576299211787827,0.46375067994736924
2025-01-05,ETH,1.5561078790603755,1.0867928282607564
2025-01-06,Altcoin,-0.9785166750896087,1.787297517087557
2025-01-06,BTC,0.10976417378674164,0.7077352579036429
2025-01-06,ETH,-0.6699593669015069,1.1613750850151814
2025-01-07,Altcoin,1.5636305623636821,2.0454622213047347
2025-01-07,BTC,3.9290613490894577,1.4270675097236214
2025-01-07,ETH,1.4106645598352952,1.3536089058699656
2025-01-08,Altcoin,-6.849427450288673,1.0803063017586152
2025-01-08,BTC,-5.162209644605942,0.5537994774675393
2025-01-08,ETH,-8.329577805253319,0.26103206239970944
2025-01-09,Altcoin,-0.16079430063146993,0.3151841127503116
2025-01-09,BTC,-1.9962274983833184,0.1347442551608348
2025-01-09,ETH,-1.623986800793198,-0.0238413850346639
2025-01-10,Altcoin,-4.193747003267493,-0.7928843119490848
2025-01-10,BTC,-2.778920154026998,-0.635789202394107
2025-01-10,ETH,-3.188963549080359,-0.9024514136537063
2025-01-11,Altcoin,2.4479644464432595,-1.1249427858101
2025-01-11,BTC,2.555148428118903,-0.4525171934147538
2025-01-11,ETH,1.5558156618409091,-1.3271284887559722
2025-01-12,Altcoin,3.64387238727758,-0.6260276152276596
2025-01-12,BTC,-0.18691299864076472,-0.5043280492374171
2025-01-12,ETH,0.44094681481490205,-1.4864372122196112
2025-01-13,Altcoin,-1.567597633394013,-0.720086107881069
2025-01-13,BTC,-0.11080929848023002,-0.535838545275556
2025-01-13,ETH,-0.594481845505701,-1.4756547091630676
2025-01-14,Altcoin,-0.8575503406133946,-1.0485807864786343
2025-01-14,BTC,0.0016711472552000117,-1.0968942883947357
2025-01-14,ETH,-3.9680181688029337,-2.2440379561113857
2025-01-15,Altcoin,3.6232571774718685,0.45176291497397664
2025-01-15,BTC,2.2420179557139264,-0.03914748834904014
2025-01-15,ETH,2.8791549078037715,-0.6427904256746588
2025-01-16,Altcoin,10.91593412506441,2.0540717077234985
2025-01-16,BTC,3.8717167171633093,0.7991302567290496
2025-01-16,ETH,6.891384106105325,0.5736911324537015
2025-01-17,Altcoin,0.8936442085694594,2.8060987882820667
2025-01-17,BTC,-0.2677347128461349,1.1578710340406015
2025-01-17,ETH,-3.991473010763724,0.45904692364179234
2025-01-18,Altcoin,3.607034893341631,2.9564518155182427
2025-01-18,BTC,4.114280201091169,1.380604144465211
2025-01-18,ETH,5.071472384092535,0.9612835982491674
2025-01-19,Altcoin,2.6709234577169196,2.7712460947751163
2025-01-19,BTC,0.1669748601087706,1.4311595528580017
2025-01-19,ETH,-4.836668609069761,0.20733853769421554
2025-01-20,Altcoin,-6.924923864497089,1.9944907205300852
2025-01-20,BTC,-2.9321798780760466,1.0281066129157423
2025-01-20,ETH,-3.0510724010478274,-0.14360297024037397
2025-01-21,Altcoin,0.6687187574896233,2.2123268089777532
2025-01-21,BTC,0.48340639226631676,1.096925933631616
2025-01-21,ETH,1.7123125882714918,0.6678728521988297
2025-01-22,Altcoin,3.1144747314943024,2.1303756286605626
2025-01-22,BTC,4.340718504219265,1.3967402977038075
2025-01-22,ETH,1.929430661942888,0.5321979599329892
2025-01-23,Altcoin,0.05130558559075643,0.5899457922829066
2025-01-23,BTC,-2.3626378572642937,0.5061182156427213
2025-01-23,ETH,-2.6677123260406055,-0.8333872446592866
2025-01-24,Altcoin,-1.2495767650707046,0.27373040886699446
2025-01-24,BTC,0.3801112948729424,0.5986676453168752
2025-01-24,ETH,2.9432315761337646,0.15728483918321182
2025-01-25,Altcoin,-0.6373997941631476,-0.3215262810496893
2025-01-25,BTC,0.7375807171305704,0.11628200475107528
2025-01-25,ETH,-0.6220676989446172,-0.6560780298220956
2025-01-26,Altcoin,0.7402381069407963,-0.6116237235005384
2025-01-26,BTC,-0.037346006842065016,0.08709330947238447
2025-01-26,ETH,0.25005439106791094,0.07059668448328615
2025-01-27,Altcoin,-3.9010907277245703,-0.17703418857579262
2025-01-27,BTC,-2.141103822182311,0.200104174600061
2025-01-27,ETH,-2.646119230071431,0.12844713747991424
2025-01-28,Altcoin,-0.03567611756961242,-0.27900613062571405
2025-01-28,BTC,-0.5790016431870826,0.04833159810671824
2025-01-28,ETH,-1.8173618978053918,-0.37579207481678345
2025-01-29,Altcoin,-2.2308170687575055,-1.0342591416464664
2025-01-29,BTC,-0.6329605528613502,-0.6621939814762268
2025-01-29,ETH,-3.057815673766784,-1.0882558370610222
2025-01-30,Altcoin,1.071646920243082,-0.8920118990945926
2025-01-30,BTC,2.3746844710855086,0.01456635114517343
2025-01-30,ETH,1.2332908497778572,-0.5309696690869561
2025-01-31,Altcoin,3.1282643622924984,-0.26911647558357793
2025-01-31,BTC,1.0244355642907044,0.10661267534771086
2025-01-31,ETH,4.2965597571531955,-0.3376370717984661
2025-02-01,Altcoin,-1.7702624212596032,-0.4316313122830442
2025-02-01,BTC,-2.289639968370427,-0.3258474225810031
2025-02-01,ETH,1.4820644388079174,-0.03704676640524683
2025-02-02,Altcoin,-5.563751357935964,-1.3278324497543714
2025-02-02,BTC,-1.6678712065968604,-0.5587795939745452
2025-02-02,ETH,-5.19816895789983,-0.8153643876863527
2025-02-03,Altcoin,-8.9964785894273,-2.0596679420806177
2025-02-03,BTC,-3.08564951411483,-0.693714692822048
2025-02-03,ETH,-8.394810052379098,-1.636605933730305
2025-02-04,Altcoin,4.50761766203705,-1.4234643837000798
2025-02-04,BTC,3.99570708411936,-0.040184874635413426
2025-02-04,ETH,0.5280405788791187,-1.3015484370610895
2025-02-05,Altcoin,-5.436474204222055,-1.8636283496871635
2025-02-05,BTC,-3.3000148295620035,-0.4211926284497924
2025-02-05,ETH,-4.775598981772633,-1.5469460524904963
2025-02-06,Altcoin,-4.051865360469107,-2.5975864509143136
2025-02-06,BTC,-1.5649987909649221,-0.9840045230284253
2025-02-06,ETH,1.8308105728340074,-1.4615860920539039
2025-02-07,Altcoin,-2.1903271898233734,-3.3574261261921547
2025-02-07,BTC,0.054390509391688546,-1.122582388013999
2025-02-07,ETH,-3.7229135361331878,-2.607225133951958
2025-02-08,Altcoin,1.2527813898513775,-2.9315204442200358
2025-02-08,BTC,-0.07964206566111187,-0.8068684019126683
2025-02-08,ETH,-2.35279344992686,-3.1550619751997835
2025-02-09,Altcoin,2.8800921562378154,-1.7165122777500252
2025-02-09,BTC,-0.00022647903057393393,-0.5686334408317703
2025-02-09,ETH,0.4631472591273944,-2.346302515624466
2025-02-10,Altcoin,-0.5086802357030961,-0.5129000139059446
2025-02-10,BTC,-0.010003259641677698,-0.1292554044784628
2025-02-10,ETH,-0.11630438682375122,-1.1636588491165594
2025-02-11,Altcoin,1.2157942114952336,-0.9737077761100301
2025-02-11,BTC,0.8818389373592916,-0.5740937111584724
2025-02-11,ETH,1.0545337068468719,-1.0884455451211659
2025-02-12,Altcoin,1.091320103133106,-0.03259353412054024
2025-02-12,BTC,-1.7043167930165692,-0.346136848794839
2025-02-12,ETH,-2.1525203445864616,-0.7137200255231415
2025-02-13,Altcoin,3.483321339472395,1.0460132383708196
2025-02-13,BTC,2.189483691189942,0.19021779151299864
2025-02-13,ETH,5.118526152751457,-0.24404637124922018
2025-02-14,Altcoin,-0.4694169056910916,1.2690697759149951
2025-02-14,BTC,-1.3027128109943664,-0.0036541113992949142
2025-02-14,ETH,-2.2132796090502893,-0.02838438166594897
2025-02-15,Altcoin,3.1236615485928962,1.5236872951268734
2025-02-15,BTC,0.9598192987589016,0.14484036923213559
2025-02-15,ETH,1.829826519653488,0.5691327568455293
2025-02-16,Altcoin,-0.4110508950642753,1.0647310475442788
2025-02-16,BTC,0.08356906138937692,0.15681116072069998
2025-02-16,ETH,-1.1688919812731124,0.3359842939311712
2025-02-17,Altcoin,-0.9225086162208471,1.016837429200827
2025-02-17,BTC,-1.4559843628242475,-0.04975756830538141
2025-02-17,ETH,-1.2224961946419866,0.17795689281428043
2025-02-18,Altcoin,-2.145303497086854,0.5464048900463422
2025-02-18,BTC,-0.38813702046928134,-0.23118270513803468
2025-02-18,ETH,3.082945930846326,0.4677300676713453
2025-02-19,Altcoin,-3.863737441078835,-0.1632045155205242
2025-02-19,BTC,-0.29262575740679475,-0.02951255719378119
2025-02-19,ETH,-2.640885708686902,0.39796358708556806
2025-02-20,Altcoin,2.966210057034546,-0.21323713944497286
2025-02-20,BTC,1.1089273188617854,-0.18387775324066066
2025-02-20,ETH,1.69722529005929,-0.09079367901331294
2025-02-21,Altcoin,1.1316051001558978,-0.02508105896397627
2025-02-21,BTC,1.8947214057701167,0.27289856343997976
2025-02-21,ETH,0.9868685724126802,0.36637034690996845
2025-02-22,Altcoin,-3.780792870424186,-1.0050496689693666
2025-02-22,BTC,-2.286098058299446,-0.19080391613978417
2025-02-22,ETH,-3.036419238650656,-0.32880761856205215
2025-02-23,Altcoin,1.7453068174122306,-0.7017277516774434
2025-02-23,BTC,0.4462454218815859,-0.13899300749804006
2025-02-23,ETH,3.987746345839316,0.40785499959686616
2025-02-24,Altcoin,-0.9296004587456284,-0.7063917498299148
2025-02-24,BTC,-0.2451127478150239,0.033988651788991894
2025-02-24,ETH,2.2728328951527432,0.907187726710399
2025-02-25,Altcoin,-11.33170321544184,-2.0120049658621624
2025-02-25,BTC,-5.118681696520378,-0.6418034447897362
2025-02-25,ETH,-11.463029698961114,-1.1708087918335208
2025-02-26,Altcoin,1.5434077684530552,-1.249451355831948
2025-02-26,BTC,-2.889596234165903,-1.0127992271838946
2025-02-26,ETH,-0.31113250627299305,-0.837986905774391
2025-02-27,Altcoin,-4.408733840052784,-2.280534038687418
2025-02-27,BTC,-5.470804215649505,-1.9527608749712217
2025-02-27,ETH,-6.79118613555233,-2.050617109433194
2025-02-28,Altcoin,0.6633133910520607,-2.354052750721675
2025-02-28,BTC,0.964277359532062,-2.0856814530052294
2025-02-28,ETH,-0.882729417788819,-2.3177025366048367
2025-03-01,Altcoin,-0.19964155646469764,-1.862038692141355
2025-03-01,BTC,-0.3154837124910381,-1.8041651178897429
2025-03-01,ETH,-3.04160115896166,-2.31844281093498
2025-03-02,Altcoin,1.1351633245247421,-1.9528446155138246
2025-03-02,BTC,1.8513972926252231,-1.6034291363549376
2025-03-02,ETH,-1.001244406473778,-3.0311557755511367
2025-03-03,Altcoin,25.413968374667352,1.7594630458546356
2025-03-03,BTC,9.599734858159392,-0.19702233550144932
2025-03-03,ETH,13.76132215190491,-1.3899430245865412
2025-03-04,Altcoin,-16.19907171853625,0.9624912776757788
2025-03-04,BTC,-8.63217309417501,-0.6989496780235397
2025-03-04,ETH,-14.663850091710728,-1.8472030806936288
2025-03-05,Altcoin,2.5606589887715714,1.1551597272777119
2025-03-05,BTC,1.3771785889272525,-0.08941041758166035
2025-03-05,ETH,1.084508664199979,-1.6478257706260615
2025-03-06,Altcoin,2.253721966721473,2.1243653719005593
2025-03-06,BTC,3.7718993230345443,1.2309758022303467
2025-03-06,ETH,3.218386817986585,-0.21788677726335934
2025-03-07,Altcoin,0.3029222474698032,2.057390929389315
2025-03-07,BTC,-0.6651798711629353,0.9981961978453471
2025-03-07,ETH,-1.7428239233596488,-0.34075742091633504
2025-03-08,Altcoin,-4.5863401016240255,1.3751809630789633
2025-03-08,BTC,-3.586682950592812,0.5308820209736651
2025-03-08,ETH,-2.7957293590536336,-0.3056328780723313
2025-03-09,Altcoin,-1.6178674334264718,0.9612159990793142
2025-03-09,BTC,-0.72643584555524,0.1626201440907418
2025-03-09,ETH,2.7677074121490675,0.23278881030236093
2025-03-10,Altcoin,-7.952623306311395,-3.572199405848445
2025-03-10,BTC,-6.259180046256474,-2.1029391279686678
2025-03-10,ETH,-8.306094610001157,-2.9196992985413632
2025-03-11,Altcoin,-5.249120826573477,-2.0405335091060692
2025-03-11,BTC,-2.436124591751365,-1.2177893419081467
2025-03-11,ETH,-6.848000791755027,-1.8031493985476914
2025-03-12,Altcoin,5.283816966088096,-1.658921688709102
2025-03-12,BTC,5.0964288157419935,-0.6864678809346125
2025-03-12,ETH,2.245026796602323,-1.6373610939187848
2025-03-13,Altcoin,2.671673267676518,-1.5918120769249655
2025-03-13,BTC,1.3105669673419973,-1.0380867888906906
2025-03-13,ETH,-0.5545583525722098,-2.17635326114147
2025-03-14,Altcoin,-0.8362305399950358,-1.7418742794107969
2025-03-14,BTC,-3.3204629042709044,-1.4174129364775434
2025-03-14,ETH,-2.5049105147106454,-2.2852227741916122
2025-03-15,Altcoin,4.36640631102701,-0.480981744561905
2025-03-15,BTC,3.542352137586624,-0.3989793524519096
2025-03-15,ETH,2.5698659983788064,-1.5187091517012639
2025-03-16,Altcoin,2.4946087545077216,0.10635680327552428
2025-03-16,BTC,0.500146680380098,-0.22375327731828992
2025-03-16,ETH,1.5240452128442383,-1.696375180173382
2025-03-17,Altcoin,-4.4471976838501135,0.6117066467764345
2025-03-17,BTC,-2.110484284098013,0.3689175458472045
2025-03-17,ETH,-2.6818088987900612,-0.8929057928575113
2025-03-18,Altcoin,2.813872753065836,1.7648386951060273
2025-03-18,BTC,1.7730748634636084,0.9702317537350578
2025-03-18,ETH,2.1940776107385096,0.3988196932129939
2025-03-19,Altcoin,-1.0787548979078605,0.8511619151379508
2025-03-19,BTC,-1.5406832915503599,0.022072881264721733
2025-03-19,ETH,0.18728381253430015,0.10485640977470492
2025-03-20,Altcoin,6.339340808787847,1.352878151292357
2025-03-20,BTC,4.87486001646702,0.5312576025682963
2025-03-20,ETH,6.619020750056648,1.1296534244359704
2025-03-21,Altcoin,-3.050233528747707,1.0263560505169957
2025-03-21,BTC,-2.93104253455182,0.586889083956737
2025-03-21,ETH,-3.8771151379278113,0.9336241925478037
2025-03-22,Altcoin,-0.7044496229587914,0.3148664456733485
2025-03-22,BTC,-0.3100843194506542,0.03654101866569727
2025-03-22,ETH,-0.8230076560816202,0.44892795619631426
2025-03-23,Altcoin,-0.3664407298942199,-0.09879904485474211
2025-03-23,BTC,-0.25738076190472414,-0.07167718737499161
2025-03-23,ETH,0.7643328003786642,0.34039761155837506
2025-03-24,Altcoin,1.633196323533292,0.7663053184183187
2025-03-24,BTC,2.380143046976513,0.5698410027785121
2025-03-24,ETH,1.0862141620890275,0.8786866202553878
2025-03-25,Altcoin,2.6826203979459624,0.7489402332960233
2025-03-25,BTC,1.7951528988820797,0.5729950078382936
2025-03-25,ETH,3.8326087219161087,1.112762493280759
2025-03-26,Altcoin,0.9623272954771088,1.0551777959385753
2025-03-26,BTC,0.22083961106582617,0.8246411367834633
2025-03-26,ETH,-0.4399440617589456,1.0231585112388668
2025-03-27,Altcoin,-2.6853755890321525,-0.22105519975177104
2025-03-27,BTC,-0.6395391131569506,0.03686983255146746
2025-03-27,ETH,-2.8383900308573518,-0.3279001717488474
2025-03-28,Altcoin,0.9805282802923113,0.3627480155009773
2025-03-28,BTC,0.30636316712566725,0.499356361362537
2025-03-28,ETH,-0.3273880809165908,0.1792036935384698
2025-03-29,Altcoin,-5.053089811153458,-0.26454171426656736
2025-03-29,BTC,-3.287736017998477,0.07397754728427662
2025-03-29,ETH,-5.310531734824531,-0.46187117485337464
2025-03-30,Altcoin,-3.2789375458747423,-0.6887774901843827
2025-03-30,BTC,-1.9918292730375708,-0.1738008114489872
2025-03-30,ETH,-3.5659349368815985,-1.0804808516048408
2025-03-31,Altcoin,-0.5367363438939964,-0.9909940153476982
2025-03-31,BTC,-0.39041445631627925,-0.5695947404908146
2025-03-31,ETH,-1.3085320415061386,-1.4225874521184358
2025-04-01,Altcoin,-0.28040968858161036,-1.4069500674529625
2025-04-01,BTC,0.1915000878034645,-0.7986879992163312
2025-04-01,ETH,1.0451926505239406,-1.8207897480316027
2025-04-02,Altcoin,2.0828719061183887,-1.2471678447070011
2025-04-02,BTC,3.300640933811416,-0.35871638168124687
2025-04-02,ETH,4.547730017422236,-1.1082648795771484
2025-04-03,Altcoin,-5.070777029507612,-1.5858603119587606
2025-04-03,BTC,-3.180715842401194,-0.7217416287161387
2025-04-03,ETH,-5.841402081491653,-1.537266601096334
2025-04-04,Altcoin,0.5891314551755594,-1.6440497404566898
2025-04-04,BTC,0.7725591448211055,-0.6551422033310761
2025-04-04,ETH,1.2542069194536598,-1.3113244581862984
2025-04-05,Altcoin,2.5713151975578126,-0.566613597558483
2025-04-05,BTC,0.8273053038823308,-0.06727915734810352
2025-04-05,ETH,-0.20918864878963772,-0.5825611601813137
2025-04-06,Altcoin,-0.3623026223281425,-0.15030001375715188
2025-04-06,BTC,-0.305445462054843,0.17363281564942903
2025-04-06,ETH,-0.250482024087062,-0.10892502978209409
2025-04-07,Altcoin,-9.747502474137738,-1.463357104029711
2025-04-07,BTC,-6.440989155693222,-0.690734998547277
2025-04-07,ETH,-13.000663476244444,-1.7792295204589947
2025-04-08,Altcoin,0.1645218484755252,-1.4065278984824032
2025-04-08,BTC,1.2374253002926494,-0.5413171110488221
2025-04-08,ETH,-1.1889982331533155,-2.098399646698603
2025-04-09,Altcoin,-2.8316563364473204,-2.0995499725138353
2025-04-09,BTC,-3.5996809640857053,-1.5270773821769823
2025-04-09,ETH,-5.434050640417154,-3.52436831210423
2025-04-10,Altcoin,11.295780193911511,0.21589219366647253
2025-04-10,BTC,8.244667805893258,0.10512028186508207
2025-04-10,ETH,12.992888211166797,-0.8337554131530227
2025-04-11,Altcoin,-3.0198823186649117,-0.29839360913367574
2025-04-11,BTC,-3.662228869242723,-0.5284208630011791
2025-04-11,ETH,-8.336948670722155,-2.2039204974638538
2025-04-12,Altcoin,3.551328997612315,-0.15209305455765662
2025-04-12,BTC,4.828023526703795,0.04311031168760161
2025-04-12,ETH,2.9005994887314035,-1.759665049246562
2025-04-13,Altcoin,5.319354794158253,0.6630585055290963
2025-04-13,BTC,2.236127781260877,0.40619220358984726
2025-04-13,ETH,4.956910422712735,-1.0157518425608767
2025-04-14,Altcoin,-2.168633826575884,1.75376844661554
2025-04-14,BTC,-1.997860898873105,1.0409248117070067
2025-04-14,ETH,-3.064643921875476,0.4036795223489758
2025-04-15,Altcoin,0.1715219686270094,1.7527367674148289
2025-04-15,BTC,1.1036164356275968,1.0218092596119992
2025-04-15,ETH,1.6372118087241372,0.8074238140457547
2025-04-16,Altcoin,-2.0510418511274433,1.8681855048696514
2025-04-16,BTC,-1.0257034909942009,1.3895203271964998
2025-04-16,ETH,-2.079560463521557,1.2866366964594118
2025-04-17,Altcoin,0.8596066754749269,0.38012396602717363
2025-04-17,BTC,0.5370616430659725,0.28843373250688764
2025-04-17,ETH,-0.6370280356755242,-0.6604941959466343
2025-04-18,Altcoin,0.8416273309068442,0.9420507829900211
2025-04-18,BTC,0.9810611827305804,0.9517608827887881
2025-04-18,ETH,0.36566337971957186,0.5827360969736125
2025-04-19,Altcoin,-0.12862895077192843,0.40425335876084767
2025-04-19,BTC,-0.5853680505621295,0.17841922889365605
2025-04-19,ETH,0.35839946517142174,0.21956466503647215
2025-04-20,Altcoin,1.566363004598245,-0.1286086673565485
2025-04-20,BTC,0.8206579353063681,-0.023790749099845243
2025-04-20,ETH,1.6297144809443553,-0.2557490409304392
2025-04-21,Altcoin,-0.6456770322230512,0.09194474324074481
2025-04-21,BTC,-0.0628439937643166,0.2526402373442674
2025-04-21,ETH,-1.8321553451012162,-0.07967924424840207
2025-04-22,Altcoin,0.44568626262679584,0.12618588177887233
2025-04-22,BTC,2.796277215686449,0.49444892020981773
2025-04-22,ETH,-0.5054347396976744,-0.38577160830866086
2025-04-23,Altcoin,7.108297471090733,1.443347428498307
2025-04-23,BTC,7.002830815051597,1.6413823925020747
2025-04-23,ETH,11.55410934402672,1.5618955070553788
2025-04-24,Altcoin,0.2772261812514718,1.3662216771820102
2025-04-24,BTC,0.031296882828080186,1.5691302838966614
2025-04-24,ETH,1.9471082441651077,1.9310578327468977
2025-04-25,Altcoin,0.620300890081247,1.3486110904359114
2025-04-25,BTC,0.2856264387879559,1.4697824633334293
2025-04-25,ETH,-1.3699973138980859,1.6831063050872324
2025-04-26,Altcoin,-0.6495470966061065,1.2804604088615579
2025-04-26,BTC,0.9590612417023747,1.6904152193712159
2025-04-26,ETH,1.0967419371306741,1.7885838010814115
2025-04-27,Altcoin,0.3332928615616325,1.095771016181086
2025-04-27,BTC,-0.13616270744124526,1.5537265561215567
2025-04-27,ETH,1.8152606734064936,1.8150904000045738
2025-04-28,Altcoin,0.2969717616609617,1.2344851424077428
2025-04-28,BTC,-0.8819660687918618,1.4367091168319075
2025-04-28,ETH,-1.5142012643862612,1.8605124115352818
2025-04-29,Altcoin,0.8066641298454228,1.2778185390113883
2025-04-29,BTC,1.301862547425392,1.2232213070803277
2025-04-29,ETH,0.3239168666666403,1.9789912124444693
2025-04-30,Altcoin,-1.6018535899689583,0.016830619072013997
2025-04-30,BTC,-0.8147343476467617,0.106426283837705
2025-04-30,ETH,-0.14058716996760978,0.30832028187385074
2025-05-01,Altcoin,-0.6532182220321562,-0.12370750349890436
2025-05-01,BTC,-0.021861816875068385,0.09883218388011235
2025-05-01,ETH,-0.16263496263845267,0.006928395187627842
2025-05-02,Altcoin,1.3468730414622359,-0.023878064379193396
2025-05-02,BTC,2.3252235327595905,0.39020319730463154
2025-05-02,ETH,2.49741084124524,0.5594152744938172
2025-05-03,Altcoin,-0.4112687806212694,0.010910642636411345
2025-05-03,BTC,0.44450533061488606,0.3166952100064189
2025-05-03,ETH,0.13993834119270243,0.42272904650267845
2025-05-04,Altcoin,-0.9153817404473061,-0.16506055241191905
2025-05-04,BTC,-0.9629799590416765,0.19857845977778585
2025-05-04,ETH,-0.3761037900705144,0.1096769802916773
2025-05-05,Altcoin,-1.9464468228239946,-0.4842160746383446
2025-05-05,BTC,-1.6640952934134923,0.08684571340326722
2025-05-05,ETH,-1.436129221875393,0.12083012922180135
2025-05-06,Altcoin,0.5640786679863045,-0.5156366274321368
2025-05-06,BTC,0.45819856901319067,-0.03367771208419011
2025-05-06,ETH,0.6552734072905464,0.16816677788235937
2025-05-07,Altcoin,0.6745206438870557,-0.19388283754211158
2025-05-07,BTC,2.2116233565811383,0.39865910280550987
2025-05-07,ETH,-0.21075583011203047,0.15814268357601355
2025-05-08,Altcoin,-0.40720249373595935,-0.16028700325738823
2025-05-08,BTC,0.17754644824494736,0.427145997822655
2025-05-08,ETH,-0.3222039599899529,0.13534711252579923
2025-05-09,Altcoin,9.313800354185657,0.9708627221860879
2025-05-09,BTC,6.23518541216479,0.9857119805948263
2025-05-09,ETH,21.390965119707815,2.83442629516331
2025-05-10,Altcoin,3.41678497889057,1.5206764254921517
2025-05-10,BTC,-0.11034071380034982,0.9064482599640782
2025-05-10,ETH,6.5457460014116675,3.7495416751945903
2025-05-11,Altcoin,4.995283139950231,2.372187637992759
2025-05-11,BTC,1.6203357406392005,1.2754933599184892
2025-05-11,ETH,10.347404039304497,5.281471365105306
2025-05-12,Altcoin,-3.1837905892859304,2.1893210859354664
2025-05-12,BTC,-0.6086326397470643,1.4262737390136933
2025-05-12,ETH,-2.949804491545849,5.065232040866669
2025-05-13,Altcoin,3.021461338392811,2.5265551257737973
2025-05-13,BTC,-1.074322101450642,1.207342214661717
2025-05-13,ETH,-0.599924378648109,4.885918071446862
2025-05-14,Altcoin,2.5566767359370672,2.8023206034866486
2025-05-14,BTC,1.271092780228944,1.072980703754261
2025-05-14,ETH,7.39090120013175,5.971869075767402
2025-05-15,Altcoin,-2.3888600369976274,2.5138310201361747
2025-05-15,BTC,-0.5663651466510711,0.9667076187691153
2025-05-15,ETH,-2.7243520685371725,5.628705060260657
2025-05-16,Altcoin,-4.009030622512073,0.594202913595116
2025-05-16,BTC,0.11045537682159434,0.09174618514865893
2025-05-16,ETH,-2.3589879610722564,2.235854620149218
2025-05-17,Altcoin,-0.022250797611345602,0.11015790798959604
2025-05-17,BTC,-0.14735138071797493,0.08645894701756962
2025-05-17,ETH,0.0822227107860174,1.312494150059839
2025-05-18,Altcoin,-1.5963599560099888,-0.8107214681132461
2025-05-18,BTC,-0.331868732874141,-0.19242740634147917
2025-05-18,ETH,-2.7249252305540095,-0.5549814599199475
2025-05-19,Altcoin,2.6768133011405477,0.021500109266295378
2025-05-19,BTC,2.7305573791290394,0.28459973921224996
2025-05-19,ETH,-0.39245229445475927,-0.18964543176407758
2025-05-20,Altcoin,-1.339784276749847,-0.5965769989426537
2025-05-20,BTC,-0.3784018351072893,0.3840169201184432
2025-05-20,ETH,2.500613855736411,0.2532886017194253
2025-05-21,Altcoin,0.04808117159923536,-0.9502877880820629
2025-05-21,BTC,1.0956267675633846,0.35895034688050614
2025-05-21,ETH,-0.10745198672563738,-0.8179047106887729
2025-05-22,Altcoin,2.818991118297836,-0.2033251296296521
2025-05-22,BTC,2.6961627429285207,0.8250257596775906
2025-05-22,ETH,1.3736974015593484,-0.2324690721035556
2025-05-23,Altcoin,2.7124302361160515,0.7580628878382134
2025-05-23,BTC,1.727514066540481,1.056034143923146
2025-05-23,ETH,3.8381836840831296,0.6528411629186424
2025-05-24,Altcoin,-4.843307191647949,0.06863341967358799
2025-05-24,BTC,-3.89357697362529,0.5208590592221009
2025-05-24,ETH,-5.169175016896532,-0.09735851246457893
2025-05-25,Altcoin,1.187089413270692,0.47410430876605997
2025-05-25,BTC,0.5733205324353063,0.6501718114091648
2025-05-25,ETH,0.3821383607283124,0.3465077148614671
2025-05-26,Altcoin,0.5044723060476007,0.17338516663630255
2025-05-26,BTC,0.9556093866045723,0.39660781247709803
2025-05-26,ETH,0.6790875388676065,0.49958483390751934
2025-05-27,Altcoin,-0.44102734859392645,0.2991547893789135
2025-05-27,BTC,0.47390793281802956,0.5183663507521435
2025-05-27,ETH,0.6107236883254652,0.2296005242773842
2025-05-28,Altcoin,1.0139686431379547,0.429427543133531
2025-05-28,BTC,-0.282743320466905,0.3214563381763879
2025-05-28,ETH,3.8998588685420277,0.8020735036013364
2025-05-29,Altcoin,-1.5857221703833446,-0.20561298875032855
2025-05-29,BTC,-1.127982069635436,-0.224850063618463
2025-05-29,ETH,0.5324137811819174,0.6818901292617033
2025-05-30,Altcoin,-2.0601159578108796,-0.8904963849532335
2025-05-30,BTC,-1.9406555486743637,-0.7488742943634408
2025-05-30,ETH,-1.611505850326711,-0.09663694708255958
2025-05-31,Altcoin,-4.916336356761034,-0.8954741342546471
2025-05-31,BTC,-1.6402574190579222,-0.4269715008538168
2025-05-31,ETH,-4.126746183953179,0.05228145762363377
2025-06-01,Altcoin,0.6304558077883842,-0.9781979593897422
2025-06-01,BTC,0.6504969572125763,-0.41594629731420685
2025-06-01,ETH,0.3124034362170569,0.04231932555059727
2025-06-02,Altcoin,0.5869172688513213,-0.964385653701674
2025-06-02,BTC,0.9767149242419171,-0.4129312205088719
2025-06-02,ETH,0.23564053153362075,-0.021030246925686415
2025-06-03,Altcoin,0.6299515083948412,-0.8119306534669283
2025-06-03,BTC,0.16529815927306402,-0.4570183310152955
2025-06-03,ETH,2.813156440603448,0.2936030033997397
2025-06-04,Altcoin,0.14726924327651064,-0.932351627490925
2025-06-04,BTC,-0.4252408511071004,-0.477375121106752
2025-06-04,ETH,-0.5467330832438222,-0.3416244182839531
2025-06-05,Altcoin,-1.241968095831517,-0.8818900050740449
2025-06-05,BTC,-0.589521803177917,-0.400452225898535
2025-06-05,ETH,0.5730845973636933,-0.33581430168655657
2025-06-06,Altcoin,-4.853523568642223,-1.2721945487821413
2025-06-06,BTC,-3.0169749282839997,-0.5542121372713401
2025-06-06,ETH,-7.230546803203087,-1.138534437811753
2025-06-07,Altcoin,2.6165154894713822,-0.21570562540740582
2025-06-07,BTC,2.71420646701952,0.06785413216829442
2025-06-07,ETH,2.469559491552209,-0.19620505559669763
2025-06-08,Altcoin,1.4908126407580193,-0.09374767851913067
2025-06-08,BTC,1.2179944291476064,0.14892519958758443
2025-06-08,ETH,1.8089763906310452,0.01759108074815785
2025-06-09,Altcoin,1.493522281051532,0.03437373674687198
2025-06-09,BTC,0.010212570269452215,0.010853434734375167
2025-06-09,ETH,-0.693026472540692,-0.11507563411960112
2025-06-10,Altcoin,3.8109434222727723,0.48414408635191936
2025-06-10,BTC,4.323238046873712,0.6048448472487534
2025-06-10,ETH,7.0239627156502005,0.4864681194585064
2025-06-11,Altcoin,1.2977160871655493,0.6493313493873758
2025-06-11,BTC,-0.044296790111297835,0.6592654273910108
2025-06-11,ETH,4.599739842166928,1.2216785373743277
2025-06-12,Altcoin,-1.92166536424872,0.5526852806776068
2025-06-12,BTC,-1.3907253675847775,0.5448077753328879
2025-06-12,ETH,-1.1524294021406867,0.9751765374451307
2025-06-13,Altcoin,-3.5920048742252826,0.7377342236670991
2025-06-13,BTC,-2.485045695612742,0.6207976657144962
2025-06-13,ETH,-4.4298323405073115,1.3752786035445272
2025-06-14,Altcoin,-1.6981638521378635,0.12823765307110993
2025-06-14,BTC,0.06259281657732263,0.2419957156513252
2025-06-14,ETH,-2.868669078326269,0.6126745221333161
2025-06-15,Altcoin,-1.4150597838876238,-0.2927450627737099
2025-06-15,BTC,-0.5305816372828787,-0.007800865267315541
2025-06-15,ETH,-1.6677371818906939,0.1160011546302104
2025-06-16,Altcoin,1.7196447584040793,-0.2586342323066737
2025-06-16,BTC,0.06786664964373301,0.0004354317861531446
2025-06-16,ETH,0.5436070575271845,0.2926630874970499
2025-06-17,Altcoin,1.3749239897436312,-0.6068381062008488
2025-06-17,BTC,1.3232768561933117,-0.4281304525967612
2025-06-17,ETH,0.5292408400150883,-0.6351543233079661
2025-06-18,Altcoin,-2.6530711829197897,-1.1679758824132354
2025-06-18,BTC,-2.1204490390798636,-0.724723631020842
2025-06-18,ETH,-1.8093391255183944,-1.5507370329772978
2025-06-19,Altcoin,-0.47225285470083334,-0.9626285049435175
2025-06-19,BTC,0.03751334523636185,-0.5206895291892507
2025-06-19,ETH,0.25235611857870044,-1.3500533871602425
2025-06-20,Altcoin,-0.04001344006981458,-0.45904804715102954
2025-06-20,BTC,-0.030599888887106186,-0.17005441394273127
2025-06-20,ETH,0.03354443168359644,-0.712428133990113
2025-06-21,Altcoin,-2.7702928097185016,-0.6042982181244053
2025-06-21,BTC,-1.3377936611296048,-0.3701096250437209
2025-06-21,ETH,-4.61837749657329,-0.962386479453973
2025-06-22,Altcoin,-3.4342864496174084,-0.8950458741543734
2025-06-22,BTC,-1.7015538492878735,-0.537391369615863
2025-06-22,ETH,-5.616398328568506,-1.5264809289793748
2025-06-23,Altcoin,-1.3846671076360721,-1.3372014402530745
2025-06-23,BTC,-0.6697217937676414,-0.6427611472460593
2025-06-23,ETH,-1.9005378133615802,-1.875644481963484
2025-06-24,Altcoin,7.260343055749857,-0.5092490771848931
2025-06-24,BTC,4.619655352975993,-0.17184993341996194
2025-06-24,ETH,8.820525446309514,-0.6911752524928519
2025-06-25,Altcoin,0.70283442777604,-0.02895017866041054
2025-06-25,BTC,0.44018364941798005,0.1939547363654443
2025-06-25,ETH,0.9340179297428142,-0.29926710174125065
2025-06-26,Altcoin,-0.732553829531932,-0.06630685940938835
2025-06-26,BTC,1.1912700295830136,0.3587771198435374
2025-06-26,ETH,-1.1981216078894796,-0.5064782055224193
2025-06-27,Altcoin,-2.399844994127834,-0.403132990910503
2025-06-27,BTC,-0.23733812029841372,0.3292430867847792
2025-06-27,ETH,-0.09080325703308967,-0.5242421610533744
2025-06-28,Altcoin,1.4284882046216116,0.19804533876676708
2025-06-28,BTC,0.08870771102422736,0.5330289970924695
2025-06-28,ETH,0.33119334419171587,0.18283938762734067
2025-06-29,Altcoin,2.4024475365885216,1.0373521370109597
2025-06-29,BTC,0.23596604127342768,0.8098175528869411
2025-06-29,ETH,0.5820278915691368,1.0683288476470039
2025-06-30,Altcoin,1.6211900224819464,1.468618515034376
2025-06-30,BTC,0.9922809056944537,1.0472465099529547
2025-06-30,ETH,2.6889903131916304,1.723975722868891
2025-07-01,Altcoin,0.35326214564720104,0.4781216904316019
2025-07-01,BTC,-1.1659194254814764,0.2207358273161734
2025-07-01,ETH,-0.5784424717256043,0.38126602029244566
2025-07-02,Altcoin,-3.34043560703361,-0.10088107602367508
2025-07-02,BTC,-1.418239211570138,-0.04475315282498636
2025-07-02,ETH,-3.3392223386246256,-0.22919687518861714
2025-07-03,Altcoin,3.78498383831768,0.5409761532031184
2025-07-03,BTC,3.040376029844971,0.21940484721243614
2025-07-03,ETH,7.02518975997013,0.9455618916484699
2025-07-04,Altcoin,0.839082689677712,1.0072104642769983
2025-07-04,BTC,0.7146929285528403,0.3554092827626153
2025-07-04,ETH,0.624090538864297,1.047689576776668
2025-07-05,Altcoin,-2.376381866950337,0.45936496924288595
2025-07-05,BTC,-1.4245269074844358,0.13923290868994911
2025-07-05,ETH,-3.1232338187302755,0.5541999820735263
2025-07-06,Altcoin,0.17274868069346522,0.14376843350856236
2025-07-06,BTC,0.16343493351749228,0.12887132186767264
2025-07-06,ETH,0.3245143719112553,0.5174123364081147
2025-07-07,Altcoin,2.1547846758309377,0.22014800764513956
2025-07-07,BTC,0.9219668804942183,0.11882646112478186
2025-07-07,ETH,2.1442543987632456,0.4395929200612026
2025-07-08,Altcoin,-0.7697624146238035,0.06206116453609805
2025-07-08,BTC,-0.8373202444868499,0.16576920126687136
2025-07-08,ETH,-1.078281874312459,0.36818729112022336
2025-07-09,Altcoin,1.2533958316705096,0.7196434993109767
2025-07-09,BTC,0.6024661137622678,0.4544413906000722
2025-07-09,ETH,2.83627091171057,1.2504006125966798
2025-07-10,Altcoin,3.4506042218159196,0.6742116787036256
2025-07-10,BTC,2.1792281843868055,0.33142026982033423
2025-07-10,ETH,5.994533722770434,1.1031640358538664
2025-07-11,Altcoin,4.998286756162491,1.2716954731248675
2025-07-11,BTC,4.088943441471771,0.8134560573801816
2025-07-11,ETH,6.343069191248163,1.9201609861944184
2025-07-12,Altcoin,3.3097061125522167,2.098784822323864
2025-07-12,BTC,1.459596050592138,1.2254736228196919
2025-07-12,ETH,0.35290596066006596,2.4167523832501816
2025-07-13,Altcoin,-0.40119287249332286,2.019522064956651
2025-07-13,BTC,-0.12934109416288253,1.1836484760082098
2025-07-13,ETH,-0.5370272842392554,2.2936750038001086
2025-07-14,Altcoin,2.0655866965976557,2.017430337705489
2025-07-14,BTC,1.4466141158864687,1.2585980810642456
2025-07-14,ETH,1.0636866493811459,2.1393081824598084
2025-07-15,Altcoin,1.6668873540750493,2.3802314251855043
2025-07-15,BTC,0.6011857730355619,1.4640989407103044
2025-07-15,ETH,1.2747420071729243,2.475454451243435
2025-07-16,Altcoin,0.22305388873105136,2.2242570690098855
2025-07-16,BTC,-1.7987260614893752,1.1210714871029268
2025-07-16,ETH,4.013377773043314,2.6436125742909695
2025-07-17,Altcoin,3.7915334215837064,2.253039045422723
2025-07-17,BTC,0.9092319977646923,0.9396434604426249
2025-07-17,ETH,7.5024392832442555,2.8590276543586586
2025-07-18,Altcoin,7.1612672580535115,2.5980244274860955
2025-07-18,BTC,0.5871269512696342,0.43938396184231976
2025-07-18,ETH,3.3774352888546133,2.4353656683024374
2025-07-19,Altcoin,-0.15959464631228196,2.046726289613427
2025-07-19,BTC,-1.2193177669899469,0.05668198790202191
2025-07-19,ETH,1.8792781732186459,2.653418841525091
2025-07-20,Altcoin,0.5002718922628162,2.178536883520445
2025-07-20,BTC,-0.07400700492072865,0.06458685779375818
2025-07-20,ETH,1.3249850812038222,2.9194206080169596
2025-07-21,Altcoin,2.6768298147439005,2.2588400841341953
2025-07-21,BTC,-0.546816660258409,-0.2201889673697958
2025-07-21,ETH,4.570743541051758,3.4204287353984753
2025-07-22,Altcoin,2.9779666536166807,2.4425852892653572
2025-07-22,BTC,0.19235449287162698,-0.27859343596464364
2025-07-22,ETH,0.18219635076239804,3.2643507844826862
2025-07-23,Altcoin,1.518928048709497,2.6323527585266855
2025-07-23,BTC,2.1052723296370646,0.2791206199105621
2025-07-23,ETH,-0.49165272342830413,2.620774999272455
2025-07-24,Altcoin,-7.285968792545457,1.013397880784403
2025-07-24,BTC,-1.1060239457067356,-0.008773086299641924
2025-07-24,ETH,-3.1195353111977298,1.1033500572093142
2025-07-25,Altcoin,-1.5740542791103926,-0.1888783209813934
2025-07-25,BTC,-0.23149531527343337,-0.12571912437722302
2025-07-25,ETH,2.1590977399566613,0.9293018359381782
2025-07-26,Altcoin,1.2579991022898,0.010634895913951333
2025-07-26,BTC,-0.6874493569503426,-0.049737922942993826
2025-07-26,ETH,0.3943171179066063,0.7171645423221725
2025-07-27,Altcoin,0.7008695840638366,0.03881323367547417
2025-07-27,BTC,0.3562456125260516,0.011726736692260495
2025-07-27,ETH,0.5205007035794962,0.6022382026615546
2025-07-28,Altcoin,2.8743599652582055,0.08392219521544829
2025-07-28,BTC,1.2371798659216893,0.2665833832894174
2025-07-28,ETH,3.2517205461239707,0.41380634624329915
2025-07-29,Altcoin,-3.2958787014199045,-0.8026350086430797
2025-07-29,BTC,-1.1854169388334723,0.06975889304583179
2025-07-29,ETH,-2.013935748529383,0.10007318920161616
2025-07-30,Altcoin,-0.5274030940225742,-1.104653766481482
2025-07-30,BTC,-0.12710922904479727,-0.2491527581944342
2025-07-30,ETH,0.06060067293047755,0.17896653153858497
2025-07-31,Altcoin,-1.513584479273188,-0.2972184405353687
2025-07-31,BTC,-0.01702798916839443,-0.09358190726038547
2025-07-31,ETH,0.4967068987209666,0.6955725615269701
2025-08-01,Altcoin,-2.5739164157917256,-0.44073058562564293
2025-08-01,BTC,-1.810387650268086,-0.3191379551167644
2025-08-01,ETH,-2.908894917509497,-0.02842638953962386
2025-08-02,Altcoin,-3.331829096877361,-1.0883936584950635
2025-08-02,BTC,-2.130853286831491,-0.5253385165283571
2025-08-02,ETH,-5.775043773575462,-0.9097636597513478
2025-08-03,Altcoin,-3.9036221046713457,-1.7489383339865607
2025-08-03,BTC,-0.6002606811719935,-0.661982272770935
2025-08-03,ETH,-2.460206835389167,-1.335579022461157
2025-08-04,Altcoin,3.8982281398890377,-1.603341176557228
2025-08-04,BTC,1.4608047348158903,-0.6300358629289062
2025-08-04,ETH,2.945930982835221,-1.3792632457881209
2025-08-05,Altcoin,3.8363398421595516,-0.5914970592210211
2025-08-05,BTC,0.822752882096589,-0.3431544599388974
2025-08-05,ETH,6.236778447817004,-0.20058978916720857
2025-08-06,Altcoin,-2.979556074264632,-0.9447764786318272
2025-08-06,BTC,-0.877491376563122,-0.4503519095843724
2025-08-06,ETH,-2.779189172390817,-0.6062740527845365
2025-08-07,Altcoin,1.6305446456664892,-0.4967547280063697
2025-08-07,BTC,0.7831022243575125,-0.3360475933663857
2025-08-07,ETH,1.9821350424031436,-0.3940700322585111
2025-08-08,Altcoin,6.673991546240905,0.8227592314264824
2025-08-08,BTC,2.122530220159735,0.22579781669473162
2025-08-08,ETH,6.167540569710495,0.9025636087729162
2025-08-09,Altcoin,0.5365303460320991,1.3738236058457751
2025-08-09,BTC,-0.6598714044681042,0.4359380856037869
2025-08-09,ETH,2.6005941598016946,2.0990833135410814
2025-08-10,Altcoin,0.7439552657862645,2.0478284977980374
2025-08-10,BTC,-0.15278532459491734,0.49986313654336917
2025-08-10,ETH,6.294237176257167,3.3497181723477003
2025-08-11,Altcoin,-0.17035587446348438,1.4628394061179606
2025-08-11,BTC,2.366182517106208,0.6292028197277002
2025-08-11,ETH,-0.28065787933029274,2.8887769063240554
2025-08-12,Altcoin,-1.9597315145080987,0.6246312802641943
2025-08-12,BTC,-0.4134637993707724,0.45260043666093436
2025-08-12,ETH,-0.5822704177729565,1.9146270683826327
2025-08-13,Altcoin,5.59051901152558,1.8553102879693015
2025-08-13,BTC,1.202904387272108,0.7497998314945387
2025-08-13,ETH,8.938305197530694,3.588554835514277
2025-08-14,Altcoin,2.703791226017546,2.0134305804099926
2025-08-14,BTC,2.7939999641370283,1.0370709371773266
2025-08-14,ETH,3.404592919977101,3.791763103739128
2025-08-15,Altcoin,-4.046990866658808,0.5078956530751808
2025-08-15,BTC,-4.17235058236124,0.13780225110290165
2025-08-15,ETH,-4.394968613498573,2.282833220423547
2025-08-16,Altcoin,-1.0370226551720279,0.26878389223652116
2025-08-16,BTC,-0.9001296677927928,0.10347964205651751
2025-08-16,ETH,-2.7174157929717335,1.523117512884486
2025-08-17,Altcoin,1.0312163044555966,0.29805064085550814
2025-08-17,BTC,0.13757023870593077,0.14495900824235294
2025-08-17,ETH,-0.08363671264720596,0.6119926716124324
2025-08-18,Altcoin,1.4812606209121744,0.5373839214485004
2025-08-18,BTC,0.03542120248538616,-0.18800689384633587
2025-08-18,ETH,1.3619484481446564,0.8466507183945681
2025-08-19,Altcoin,-2.410805511037763,0.4730073789159537
2025-08-19,BTC,-1.0944300346511282,-0.2852877846006724
2025-08-19,ETH,-3.785107855647951,0.3891025129838547
2025-08-20,Altcoin,-4.922732000590217,-1.0312461832862776
2025-08-20,BTC,-2.9917213588978364,-0.8845200340535216
2025-08-20,ETH,-5.6234529567775855,-1.691148651917328
2025-08-21,Altcoin,4.829699879028135,-0.7227333029342994
2025-08-21,BTC,1.307035245591548,-1.0969435652743045
2025-08-21,ETH,6.282883235291381,-1.279964321158145
2025-08-22,Altcoin,-3.4897407805856924,-0.6500666713586012
2025-08-22,BTC,-1.6087169442138394,-0.7307101883961045
2025-08-22,ETH,-2.4489830719807704,-1.001966386655602
2025-08-23,Altcoin,8.647199260843134,0.7380908146021117
2025-08-23,BTC,3.931746834601957,-0.04044211662542585
2025-08-23,ETH,14.316386330714103,1.431433916728089
2025-08-24,Altcoin,-0.682658515321053,0.4891826023510842
2025-08-24,BTC,-1.2618440409482456,-0.24035844229030826
2025-08-24,ETH,-1.1459695290799488,1.2796720858091255
2025-08-25,Altcoin,-0.29386827261117604,0.23572668203374278
2025-08-25,BTC,-1.6994064450052804,-0.48819096336040346
2025-08-25,ETH,0.08850386889625028,1.097751431630782
2025-08-26,Altcoin,-6.493098857822272,-0.3481992769059702
2025-08-26,BTC,-2.834397559269386,-0.7367577525915833
2025-08-26,ETH,-8.297905537660588,0.4530660484861195
2025-08-27,Altcoin,4.397682733655167,0.9819727979651718
2025-08-27,BTC,1.504152309569573,-0.09449008566766752
2025-08-27,ETH,5.037935697663998,1.976121570549203
2025-08-28,Altcoin,-0.26679693569404006,0.2515701672935515
2025-08-28,BTC,-0.5602736167209299,-0.3612484945694501
2025-08-28,ETH,-2.2211283387660985,0.7612627742552771
2025-08-29,Altcoin,1.9670774233349575,1.0387781792916637
2025-08-29,BTC,1.1774489389774878,0.036775203029310956
2025-08-29,ETH,0.16477875247613571,1.1346573206062638
2025-08-30,Altcoin,-3.7289824815719603,-0.7356293426800191
2025-08-30,BTC,-3.594996012936935,-1.0384737751905306
2025-08-30,ETH,-3.176927115971784,-1.36438745749172
2025-08-31,Altcoin,-0.3240247226432443,-0.6903811005062179
2025-08-31,BTC,0.2780694691349561,-0.8184861308929305
2025-08-31,ETH,0.2062579448110613,-1.1712121040787185
2025-09-01,Altcoin,-0.8976730535791406,-0.7757756170241539
2025-09-01,BTC,-0.48592282086233896,-0.6451313274439389
2025-09-01,ETH,0.35604445152379594,-1.132992020846212
2025-09-02,Altcoin,-1.4566556207701484,-0.05319328865142847
2025-09-02,BTC,0.8399966969213635,-0.12021786227383181
2025-09-02,ETH,-1.9533055475317584,-0.22662059368495077
2025-09-03,Altcoin,3.4841011185200927,-0.17251322489815676
2025-09-03,BTC,1.8573164518261631,-0.06976584195146181
2025-09-03,ETH,0.5264471039882146,-0.8711189642100626
2025-09-04,Altcoin,0.4474721046391013,-0.07632601572689167
2025-09-04,BTC,0.4688702446187243,0.0772547096684888
2025-09-04,ETH,2.8667339533193337,-0.14428149391214382
2025-09-05,Altcoin,-2.3807855568870737,-0.6990604383376924
2025-09-05,BTC,-0.8833318190754058,-0.21714254148192458
2025-09-05,ETH,-3.4107184293483916,-0.6550668056013621
2025-09-06,Altcoin,0.8361660982527791,-0.04542571802094794
2025-09-06,BTC,-0.05649618436445181,0.28835743402843017
2025-09-06,ETH,0.19820067328790714,-0.17290569284997762
2025-09-07,Altcoin,-0.5796869775446581,-0.08252490705490165
2025-09-07,BTC,-0.409346984576231,0.1901550834982606
2025-09-07,ETH,-0.7779543913237208,-0.3135074551549465
2025-09-08,Altcoin,2.852958686046309,0.45280132025169934
2025-09-08,BTC,0.8373199838440648,0.3791897698848897
2025-09-08,ETH,0.7236508478222436,-0.2609922556837397
2025-09-09,Altcoin,2.564149393859901,1.0313566459758228
2025-09-09,BTC,0.8036717196953314,0.37400048742402797
2025-09-09,ETH,0.13134849236462465,0.03681546430145793
2025-09-10,Altcoin,0.3222685120711428,0.5794261184132627
2025-09-10,BTC,-0.4264125576439848,0.04775348607114971
2025-09-10,ETH,-0.007957811210479449,-0.03952809501264122
2025-09-11,Altcoin,2.1998151301071927,0.8293072380745743
2025-09-11,BTC,2.1765495826905124,0.2917076772242623
2025-09-11,ETH,0.8849158629811615,-0.3226449650609515
2025-09-12,Altcoin,1.9085298313345274,1.4458342629527035
2025-09-12,BTC,1.3405021996247157,0.6093982513242796
2025-09-12,ETH,2.572577551966071,0.5321116036982574
2025-09-13,Altcoin,3.226292319763676,1.7884555202276355
2025-09-13,BTC,0.5687954998741418,0.6987256347869358
2025-09-13,ETH,5.595534368722133,1.3031592744745752
2025-09-14,Altcoin,0.8562432706285099,2.0034636820265233
2025-09-14,BTC,-0.16318726534870764,0.7338913089622964
2025-09-14,ETH,-0.8737199879522262,1.2894784749562176
2025-09-15,Altcoin,-1.9800651691836961,1.3072084654926734
2025-09-15,BTC,-0.5148109981138904,0.5407297401111598
2025-09-15,ETH,-1.2407298238844122,1.0088526647124094
2025-09-16,Altcoin,-1.7166540583775425,0.6875954102540084
2025-09-16,BTC,0.020539514702488937,0.4288537108264681
2025-09-16,ETH,-1.8556429688801113,0.7249967416774472
2025-09-17,Altcoin,1.7718346639632625,0.8921311187775696
2025-09-17,BTC,1.1833877556614025,0.6588251841558092
2025-09-17,ETH,-0.4415831558329586,0.6630502638742358
2025-09-18,Altcoin,2.95932169707726,1.0035194090729385
2025-09-18,BTC,-0.2628431945523202,0.3103405016925474
2025-09-18,ETH,1.9426505109273684,0.8141552135808369
2025-09-19,Altcoin,0.5135848349203244,0.8032237644317034
2025-09-19,BTC,0.5921111184923111,0.20342749010220387
2025-09-19,ETH,-0.0246540531223971,0.4431221271396271
2025-09-20,Altcoin,-2.687980050255148,-0.036729042977659956
2025-09-20,BTC,-1.2716533606078717,-0.05949377568094093
2025-09-20,ETH,-2.617442199904141,-0.7301602398069834
2025-09-21,Altcoin,1.367523420925329,0.04879807872378836
2025-09-21,BTC,0.05162291731350965,-0.028806606729195598
2025-09-21,ETH,0.25321664990600734,-0.5691692915415214
2025-09-22,Altcoin,-0.5935744222058952,0.2460074251708809
2025-09-22,BTC,-0.35521198038208635,-0.006006747053223587
2025-09-22,ETH,-0.6454626577710898,-0.4841311249539039
2025-09-23,Altcoin,-5.186707434974811,-0.2519642942835253
2025-09-23,BTC,-2.2616111508294012,-0.33202827070063645
2025-09-23,ETH,-5.679916372041682,-1.0304558968341284
2025-09-24,Altcoin,-0.5745188175313569,-0.5805711231345495
2025-09-24,BTC,-0.5985755510039215,-0.5865944573671114
2025-09-24,ETH,-0.8038479000870402,-1.08220800315614
