type,date,market_cap,total_daily_mcap,daily_%_mcap
Altcoin,2024-10-03,238383602395.5491,1721657292888.2283,13.85
Altcoin,2024-10-04,235514664484.60593,1718607862392.4868,13.7
Altcoin,2024-10-05,242923244991.00418,1760514989203.4893,13.8
Altcoin,2024-10-06,243119646896.23694,1760587873590.0142,13.81
Altcoin,2024-10-07,247565089777.24,1782915657116.8303,13.89
Altcoin,2024-10-08,245583363165.50665,1768287865518.6335,13.89
Altcoin,2024-10-09,246941137764.9968,1770848873138.8408,13.94
Altcoin,2024-10-10,242463457030.25412,1725284498246.1128,14.05
Altcoin,2024-10-11,240589217589.60892,1716833518839.5625,14.01
Altcoin,2024-10-12,248502913541.70264,1775022755066.0137,14.0
Altcoin,2024-10-13,251158990481.94498,1798443796764.3823,13.97
Altcoin,2024-10-14,250605408822.721,1788825016333.6782,14.01
Altcoin,2024-10-15,259964191695.92975,1882501300510.272,13.81
Altcoin,2024-10-16,257837461060.2024,1894828153822.047,13.61
Altcoin,2024-10-17,260050491886.51233,1911789994013.8296,13.6
Altcoin,2024-10-18,256199622910.94223,1899781984841.3564,13.49
Altcoin,2024-10-19,262287206035.61835,1934074711372.711,13.56
Altcoin,2024-10-20,264751161332.41992,1935668864909.7383,13.68
Altcoin,2024-10-21,269811372763.08005,1962320695126.2417,13.75
Altcoin,2024-10-22,268213163378.72635,1921411835249.7927,13.96
Altcoin,2024-10-23,266639479692.43112,1913353301418.4548,13.94
Altcoin,2024-10-24,265960409816.77017,1888004516673.7036,14.09
Altcoin,2024-10-25,271109050932.6786,1924013280091.6519,14.09
Altcoin,2024-10-26,255511180284.27808,1860084289625.9673,13.74
Altcoin,2024-10-27,262809055127.32294,1886519606219.4763,13.93
Altcoin,2024-10-28,267942601432.28156,1912949396369.1382,14.01
Altcoin,2024-10-29,273630663102.58176,1963266113669.3064,13.94
Altcoin,2024-10-30,279661963546.9438,2036606288721.1953,13.73
Altcoin,2024-10-31,275288406424.8646,2026499346928.0513,13.58
Altcoin,2024-11-01,265515506158.4536,1958615058900.0786,13.56
Altcoin,2024-11-02,264363086303.57907,1941683803168.937,13.62
Altcoin,2024-11-03,262394048647.1808,1932883447566.558,13.58
Altcoin,2024-11-04,257196347965.96027,1915578859972.7903,13.43
Altcoin,2024-11-05,253085706243.11462,1881695255997.5378,13.45
Altcoin,2024-11-06,262784483501.13892,1925428814277.8486,13.65
Altcoin,2024-11-07,286241709871.6813,2110081994219.2407,13.57
Altcoin,2024-11-08,293486633227.6265,2144748423382.3257,13.68
Altcoin,2024-11-09,299201785734.7186,2169733511527.0942,13.79
Altcoin,2024-11-10,310011804734.0557,2206424896160.584,14.05
Altcoin,2024-11-11,330407511180.57294,2305397181679.004,14.33
Altcoin,2024-11-12,356976290387.4365,2521058823127.6963,14.16
Altcoin,2024-11-13,358308989980.75024,2491655647876.618,14.38
Altcoin,2024-11-14,357580887200.0543,2532639266192.0625,14.12
Altcoin,2024-11-15,351923270755.42847,2446205219166.29,14.39
Altcoin,2024-11-16,373356710910.25574,2545120674825.685,14.67
Altcoin,2024-11-17,387512603786.21075,2554832398745.8945,15.17
Altcoin,2024-11-18,392855494075.3107,2539968217956.729,15.47
Altcoin,2024-11-19,400758039920.6862,2577805191899.982,15.55
Altcoin,2024-11-20,400553798120.9809,2600675011512.7427,15.4
Altcoin,2024-11-21,397795823089.719,2630680847732.7886,15.12
Altcoin,2024-11-22,420650432698.6507,2774219033906.819,15.16
Altcoin,2024-11-23,449156206979.5435,2808035062496.705,16.0
Altcoin,2024-11-24,456107000578.4239,2795811130423.121,16.31
Altcoin,2024-11-25,454794907007.4136,2799960242756.335,16.24
Altcoin,2024-11-26,429729259264.94934,2679832525991.9927,16.04
Altcoin,2024-11-27,424630340041.6749,2645327115829.947,16.05
Altcoin,2024-11-28,445295642636.6404,2786017037293.5737,15.98
Altcoin,2024-11-29,447618426629.85297,2771123551155.213,16.15
Altcoin,2024-11-30,473018790531.24817,2833206171612.853,16.7
Altcoin,2024-12-01,478065226159.6978,2834939562095.496,16.86
Altcoin,2024-12-02,502905960670.90704,2875378892013.0015,17.49
Altcoin,2024-12-03,527254537854.61957,2862657432831.443,18.42
Altcoin,2024-12-04,550180997826.147,2887794371345.8794,19.05
Altcoin,2024-12-05,531423027779.88403,2951189443008.7114,18.01
Altcoin,2024-12-06,530806456663.29047,2908616229285.3413,18.25
Altcoin,2024-12-07,548292606070.2924,3010105082277.9263,18.22
Altcoin,2024-12-08,563264027660.5099,3019892295836.948,18.65
Altcoin,2024-12-09,566280441770.3928,3053162307556.725,18.55
Altcoin,2024-12-10,498091960568.83563,2870710922646.4526,17.35
Altcoin,2024-12-11,499727453540.2832,2849592859082.553,17.54
Altcoin,2024-12-12,526720997149.96344,2989543367695.0205,17.62
Altcoin,2024-12-13,530589837968.0199,2976639083736.7163,17.83
Altcoin,2024-12-14,536725908350.6589,3012601837258.031,17.82
Altcoin,2024-12-15,527622967923.84863,3000982629286.3584,17.58
Altcoin,2024-12-16,539815931605.94336,3092626993522.291,17.45
Altcoin,2024-12-17,536380097092.9568,3114780832118.3594,17.22
Altcoin,2024-12-18,536416894851.6766,3104555184214.576,17.28
Altcoin,2024-12-19,492830191978.57654,2915008637745.5503,16.91
Altcoin,2024-12-20,471777203059.1862,2822658126718.0933,16.71
Altcoin,2024-12-21,478125940415.47864,2828061312585.8594,16.91
Altcoin,2024-12-22,464113309856.8661,2788196100445.483,16.65
Altcoin,2024-12-23,456773418984.80774,2736357224758.7886,16.69
Altcoin,2024-12-24,478288401134.81165,2764624407972.0254,17.3
Altcoin,2024-12-25,490851609497.8133,2862733493568.609,17.15
Altcoin,2024-12-26,487215340625.42255,2874726044381.1416,16.95
Altcoin,2024-12-27,463768530070.56287,2759551218812.8975,16.81
Altcoin,2024-12-28,460742871410.7279,2729157175064.0825,16.88
Altcoin,2024-12-29,477041139450.18353,2772049268592.611,17.21
Altcoin,2024-12-30,461217081845.72,2720549337460.2856,16.95
Altcoin,2024-12-31,459352208737.489,2697171547662.34,17.03
Altcoin,2025-01-01,459255534462.2457,2713068388978.674,16.93
Altcoin,2025-01-02,482469514563.5019,2755037213849.4414,17.51
Altcoin,2025-01-03,499655907548.1603,2832861472603.886,17.64
Altcoin,2025-01-04,523294578883.1995,2900419915985.5635,18.04
Altcoin,2025-01-05,524633791878.62964,2912362084844.9834,18.01
Altcoin,2025-01-06,519450274653.43805,2905882884655.526,17.88
Altcoin,2025-01-07,527449027635.197,2996289575898.7207,17.6
Altcoin,2025-01-08,491267464690.0506,2817368761304.5903,17.44
Altcoin,2025-01-09,490744139369.78455,2776659989416.036,17.67
Altcoin,2025-01-10,469645446470.7901,2690903365820.2046,17.45
Altcoin,2025-01-11,480930417781.76263,2751868424581.6143,17.48
Altcoin,2025-01-12,497850221066.2047,2767975536305.3745,17.99
Altcoin,2025-01-13,489468049291.9652,2752982280687.2188,17.78
Altcoin,2025-01-14,485382515553.0278,2733635390906.863,17.76
Altcoin,2025-01-15,502679148007.89374,2803770226902.391,17.93
Altcoin,2025-01-16,555801439718.251,2957691296142.1772,18.79
Altcoin,2025-01-17,561311507793.1605,2940834458791.366,19.09
Altcoin,2025-01-18,581295183748.8013,3064174759410.6724,18.97
Altcoin,2025-01-19,592735867003.1816,3058648200812.629,19.38
Altcoin,2025-01-20,552074913971.0542,2955594437081.427,18.68
Altcoin,2025-01-21,554658821429.3766,2965569028887.0664,18.7
Altcoin,2025-01-22,570316041858.8794,3069280472166.7817,18.58
Altcoin,2025-01-23,571693466553.9896,3016065466810.837,18.95
Altcoin,2025-01-24,564564573754.955,3028472751705.6045,18.64
Altcoin,2025-01-25,560455419744.363,3035554914580.6094,18.46
Altcoin,2025-01-26,565215044840.8516,3043290611645.758,18.57
Altcoin,2025-01-27,543602323980.54913,2969985209917.813,18.3
Altcoin,2025-01-28,541991543119.55475,2943508153888.694,18.41
Altcoin,2025-01-29,529853415877.75964,2907458375016.0303,18.22
Altcoin,2025-01-30,536176140968.5815,2968332509305.038,18.06
Altcoin,2025-01-31,552665119693.8801,3020935152806.2856,18.29
Altcoin,2025-02-01,542426347110.6785,2967840712013.2734,18.28
Altcoin,2025-02-02,512964487277.7984,2886228275016.5083,17.77
Altcoin,2025-02-03,464819409245.57983,2742601903351.5547,16.95
Altcoin,2025-02-04,486546512002.6707,2844488281155.666,17.1
Altcoin,2025-02-05,459267688981.5948,2731893071012.3784,16.81
Altcoin,2025-02-06,440809301788.25964,2689222221492.023,16.39
Altcoin,2025-02-07,430912947279.25134,2669763215463.565,16.14
Altcoin,2025-02-08,436238014409.9139,2663170631558.254,16.38
Altcoin,2025-02-09,449292892600.06915,2681263589038.75,16.76
Altcoin,2025-02-10,446607950575.3807,2677046397404.0703,16.68
Altcoin,2025-02-11,452101738827.10065,2703556235220.6606,16.72
Altcoin,2025-02-12,457056622021.5216,2669788747176.916,17.12
Altcoin,2025-02-13,471568610995.55725,2737903588722.9956,17.22
Altcoin,2025-02-14,469716510545.0466,2706615680381.7095,17.35
Altcoin,2025-02-15,483607338575.9528,2743663250810.4937,17.63
Altcoin,2025-02-16,481640787205.425,2740574444347.2407,17.57
Altcoin,2025-02-17,477042798439.3748,2702584193718.7505,17.65
Altcoin,2025-02-18,466440195055.97864,2695902478936.856,17.3
Altcoin,2025-02-19,448158438693.2998,2662549265921.56,16.83
Altcoin,2025-02-20,461441688648.06433,2703027776494.38,17.07
Altcoin,2025-02-21,466497991831.8355,2747391618554.255,16.98
Altcoin,2025-02-22,448878932867.4963,2675445403825.4346,16.78
Altcoin,2025-02-23,456644995366.51984,2705287183131.1396,16.88
Altcoin,2025-02-24,452048430779.34827,2702387105568.966,16.73
Altcoin,2025-02-25,400853102342.80646,2516799221943.2925,15.93
Altcoin,2025-02-26,407814580763.3076,2468629590794.187,16.52
Altcoin,2025-02-27,389722288886.91907,2334705269455.899,16.69
Altcoin,2025-02-28,392255768043.7787,2349747223251.729,16.69
Altcoin,2025-03-01,390962051347.17426,2335232960072.6777,16.74
Altcoin,2025-03-02,396571158312.701,2368959191951.7666,16.74
Altcoin,2025-03-03,486543712438.3539,2658171535662.6123,18.3
Altcoin,2025-03-04,407436690270.53253,2374747541138.6304,17.16
Altcoin,2025-03-05,417014452042.9625,2410261900955.1636,17.3
Altcoin,2025-03-06,426595908068.3965,2494793020133.933,17.1
Altcoin,2025-03-07,426806201287.1771,2474862203713.9297,17.25
Altcoin,2025-03-08,407058478970.8716,2385394914499.9575,17.06
Altcoin,2025-03-09,400447358212.9103,2374182831995.8364,16.87
Altcoin,2025-03-10,370608615892.85297,2215980924949.9014,16.72
Altcoin,2025-03-11,351914456920.3664,2142175101008.3906,16.43
Altcoin,2025-03-12,369490172169.0408,2244512526356.291,16.46
Altcoin,2025-03-13,378938140609.3368,2271884538556.786,16.68
Altcoin,2025-03-14,375867717718.90234,2209003958388.9585,17.02
Altcoin,2025-03-15,392368836885.66876,2288571313216.508,17.14
Altcoin,2025-03-16,401788135214.2636,2309931720742.0957,17.39
Altcoin,2025-03-17,383962542764.8404,2250323653462.8438,17.06
Altcoin,2025-03-18,394740340860.76385,2295264935024.601,17.2
Altcoin,2025-03-19,390118019323.7271,2265848454845.256,17.22
Altcoin,2025-03-20,413990157838.5338,2383989376698.0024,17.37
Altcoin,2025-03-21,401262746859.3259,2312797671016.3105,17.35
Altcoin,2025-03-22,398103836525.693,2301833039215.8794,17.3
Altcoin,2025-03-23,396529692802.1321,2297857391626.369,17.26
Altcoin,2025-03-24,403048584857.8795,2346462433445.407,17.18
Altcoin,2025-03-25,413281723866.12103,2396645710071.881,17.24
Altcoin,2025-03-26,417333247364.52313,2402106240467.076,17.37
Altcoin,2025-03-27,405825690556.561,2373027815401.8955,17.1
Altcoin,2025-03-28,409816125036.5778,2381126811959.5396,17.21
Altcoin,2025-03-29,388948652246.20496,2290915698118.557,16.98
Altcoin,2025-03-30,376139807138.24713,2237067467012.2764,16.81
Altcoin,2025-03-31,374067934966.6832,2225849052692.9185,16.81
Altcoin,2025-04-01,372899969382.92786,2227884590989.7285,16.74
Altcoin,2025-04-02,381009230907.6158,2301642881664.2896,16.55
Altcoin,2025-04-03,361810682536.51843,2215837014500.905,16.33
Altcoin,2025-04-04,364297388620.727,2236596890751.917,16.29
Altcoin,2025-04-05,373375184633.65356,2256535941115.6387,16.55
Altcoin,2025-04-06,371249948085.61615,2245227162492.732,16.54
Altcoin,2025-04-07,335739974498.9677,2081360821777.4492,16.13
Altcoin,2025-04-08,337522933466.83636,2107495642637.9026,16.02
Altcoin,2025-04-09,326128336086.6544,2018666956989.5112,16.16
Altcoin,2025-04-10,362671901862.3024,2203862827221.328,16.46
Altcoin,2025-04-11,351502648847.01556,2115473085064.4958,16.62
Altcoin,2025-04-12,363853683343.21564,2208908228001.061,16.47
Altcoin,2025-04-13,383179709344.15845,2275476802973.849,16.84
Altcoin,2025-04-14,374586516656.0141,2225892360517.66,16.83
Altcoin,2025-04-15,375354624550.2928,2248884218309.309,16.69
Altcoin,2025-04-16,367607179046.04004,2220193239194.498,16.56
Altcoin,2025-04-17,370693666425.6381,2231611069250.804,16.61
Altcoin,2025-04-18,373699379867.7481,2251061828742.1685,16.6
Altcoin,2025-04-19,373401883250.16833,2241640778225.595,16.66
Altcoin,2025-04-20,379072172690.48303,2264107816828.2324,16.74
Altcoin,2025-04-21,376623711524.2115,2257007248832.986,16.69
Altcoin,2025-04-22,378008840230.97095,2304089476820.5,16.41
Altcoin,2025-04-23,404829271619.4857,2475999695177.455,16.35
Altcoin,2025-04-24,405896274785.7483,2481129297022.554,16.36
Altcoin,2025-04-25,408499762642.96967,2486391157419.8926,16.43
Altcoin,2025-04-26,405722896046.03656,2503799383739.887,16.2
Altcoin,2025-04-27,407061918803.5012,2506024399501.397,16.24
Altcoin,2025-04-28,408156626422.7336,2487462375751.069,16.41
Altcoin,2025-04-29,411508662732.232,2515840165956.2593,16.36
Altcoin,2025-04-30,404400739471.4088,2491816070459.5317,16.23
Altcoin,2025-05-01,402183300494.824,2490156997541.002,16.15
Altcoin,2025-05-02,407808652746.8785,2544662645495.823,16.03
Altcoin,2025-05-03,406139924122.9461,2551660712288.3755,15.92
Altcoin,2025-05-04,402431161105.46655,2528820998284.063,15.91
Altcoin,2025-05-05,394453549603.97015,2485482260687.8687,15.87
Altcoin,2025-05-06,396725405520.57056,2499006588309.7295,15.88
Altcoin,2025-05-07,399413642564.9614,2542363359184.12,15.71
Altcoin,2025-05-08,397863088529.84515,2543567225089.536,15.64
Altcoin,2025-05-09,434207543843.2151,2747086295911.8525,15.81
Altcoin,2025-05-10,449031824299.0004,2776714986356.6133,16.17
Altcoin,2025-05-11,469961372167.852,2859189533393.343,16.44
Altcoin,2025-05-12,455329775454.6446,2823716991489.5234,16.13
Altcoin,2025-05-13,468817180543.0923,2814141277272.2974,16.66
Altcoin,2025-05-14,480416197500.9644,2872749420063.35,16.72
Altcoin,2025-05-15,468846151679.8877,2840666579099.5015,16.5
Altcoin,2025-05-16,449872600255.3237,2816948521225.2896,15.97
Altcoin,2025-05-17,449983074339.5274,2815328409265.3765,15.98
Altcoin,2025-05-18,442648284769.9581,2791756637934.764,15.86
Altcoin,2025-05-19,453970109747.89905,2855723221424.979,15.9
Altcoin,2025-05-20,448191691809.4166,2851754175567.544,15.72
Altcoin,2025-05-21,448522252801.93567,2875038120234.13,15.6
Altcoin,2025-05-22,461369859037.6056,2949143528652.825,15.64
Altcoin,2025-05-23,473321863514.3253,3008767900214.973,15.73
Altcoin,2025-05-24,450657067153.0323,2886291697191.5127,15.61
Altcoin,2025-05-25,455801360038.5925,2903710665557.234,15.7
Altcoin,2025-05-26,457771033407.17633,2928267517834.855,15.63
Altcoin,2025-05-27,455696528999.08234,2938075745476.2847,15.51
Altcoin,2025-05-28,460279568187.3447,2949189050751.874,15.61
Altcoin,2025-05-29,453073248235.8146,2919534964901.2603,15.52
Altcoin,2025-05-30,443591219378.54047,2862831196635.7354,15.49
Altcoin,2025-05-31,421905452190.1068,2793396363893.3896,15.1
Altcoin,2025-06-01,424565048566.3883,2810751363640.922,15.11
Altcoin,2025-06-02,427096176980.5653,2834836014349.781,15.07
Altcoin,2025-06-03,429869306063.75323,2849098288512.6475,15.09
Altcoin,2025-06-04,430528595606.6662,2839138429235.163,15.16
Altcoin,2025-06-05,425220201593.39343,2823528844087.49,15.06
Altcoin,2025-06-06,404534425586.7706,2717170441980.0845,14.89
Altcoin,2025-06-07,414974121121.2577,2789709727996.4404,14.88
Altcoin,2025-06-08,421212913930.34326,2826719759297.8965,14.9
Altcoin,2025-06-09,427346457804.1368,2830871308241.868,15.1
Altcoin,2025-06-10,443559415959.9088,2959752462299.9756,14.99
Altcoin,2025-06-11,449047070297.42737,2977409379658.1846,15.08
Altcoin,2025-06-12,440261891922.87885,2934781549699.7764,15.0
Altcoin,2025-06-13,424806679143.9365,2853314158474.767,14.89
Altcoin,2025-06-14,417775237162.04333,2836859676827.5615,14.73
Altcoin,2025-06-15,412001411461.5536,2815536434619.983,14.63
Altcoin,2025-06-16,418767531834.90967,2824803871076.799,14.82
Altcoin,2025-06-17,425151065050.6083,2863029363611.232,14.85
Altcoin,2025-06-18,413033322566.4177,2797699317033.061,14.76
Altcoin,2025-06-19,411014922986.2608,2796983307306.386,14.69
Altcoin,2025-06-20,410956970009.1763,2796793466525.705,14.69
Altcoin,2025-06-21,400017799280.2395,2744539888808.6807,14.58
Altcoin,2025-06-22,385501178031.6909,2676756683299.4785,14.4
Altcoin,2025-06-23,380838219892.0379,2654795730955.2124,14.35
Altcoin,2025-06-24,408177055218.1909,2798530957432.1714,14.59
Altcoin,2025-06-25,411011568886.2902,2813524460205.748,14.61
Altcoin,2025-06-26,408654071698.8678,2832622720182.7485,14.43
Altcoin,2025-06-27,398718174559.04016,2817557369030.1865,14.15
Altcoin,2025-06-28,404364820058.64856,2825804695716.4746,14.31
Altcoin,2025-06-29,413912490975.4477,2842361091550.36,14.56
Altcoin,2025-06-30,420671384041.54034,2878012829847.57,14.62
Altcoin,2025-07-01,422126722192.7812,2852987162878.861,14.8
Altcoin,2025-07-02,408009980073.69244,2798391998871.1055,14.58
Altcoin,2025-07-03,423501105802.1845,2898267013212.713,14.61
Altcoin,2025-07-04,426952896047.66565,2919238474680.645,14.63
Altcoin,2025-07-05,416752249458.0974,2868181476725.051,14.53
Altcoin,2025-07-06,417524961127.71106,2873897889289.9385,14.53
Altcoin,2025-07-07,426442764182.7512,2908285912701.55,14.66
Altcoin,2025-07-08,423223434601.8149,2884014232597.7705,14.67
Altcoin,2025-07-09,428583137967.93506,2911371133855.0195,14.72
Altcoin,2025-07-10,443301413400.1511,2993562467456.2812,14.81
Altcoin,2025-07-11,464738634200.969,3123377729201.207,14.88
Altcoin,2025-07-12,480307748076.047,3176063999472.7056,15.12
Altcoin,2025-07-13,477972529673.72375,3168674956522.9126,15.08
Altcoin,2025-07-14,487926362384.58813,3216086829246.506,15.17
Altcoin,2025-07-15,495938855498.7068,3243370943662.0625,15.29
Altcoin,2025-07-16,497156697757.634,3216613299513.3706,15.46
Altcoin,2025-07-17,515847101089.4163,3285641470709.531,15.7
Altcoin,2025-07-18,551104095099.0226,3347688771512.5747,16.46
Altcoin,2025-07-19,549535872828.7813,3324543057199.8887,16.53
Altcoin,2025-07-20,552442165841.2687,3331718168132.751,16.58
Altcoin,2025-07-21,566735076867.4084,3354318223742.2876,16.9
Altcoin,2025-07-22,583226578039.1754,3375105231619.9707,17.28
Altcoin,2025-07-23,586706320876.584,3426579043334.85,17.12
Altcoin,2025-07-24,543162181182.18256,3341205627165.562,16.26
Altcoin,2025-07-25,534357136607.85706,3336741977438.7236,16.01
Altcoin,2025-07-26,541160911934.4166,3329396189278.634,16.25
Altcoin,2025-07-27,545116730403.5005,3343822646766.9062,16.3
Altcoin,2025-07-28,560351199805.4014,3402953702910.6904,16.47
Altcoin,2025-07-29,541797200628.6239,3348950486975.761,16.18
Altcoin,2025-07-30,538683900716.4225,3341024233268.6553,16.12
Altcoin,2025-07-31,530215342016.8266,3333382332769.9414,15.91
Altcoin,2025-08-01,517305579771.28375,3265768964903.8486,15.84
Altcoin,2025-08-02,499919155466.00714,3173856768923.555,15.75
Altcoin,2025-08-03,480559640115.6305,3131203473093.313,15.35
Altcoin,2025-08-04,498751531060.5382,3193777601045.048,15.62
Altcoin,2025-08-05,517838098553.87115,3258750494592.4526,15.89
Altcoin,2025-08-06,502564497799.7054,3210521628099.252,15.65
Altcoin,2025-08-07,510615901226.95825,3244648717837.523,15.74
Altcoin,2025-08-08,543907465886.501,3353479231094.7236,16.22
Altcoin,2025-08-09,547027528686.6522,3354537937882.151,16.31
Altcoin,2025-08-10,550489132450.6356,3383719904755.577,16.27
Altcoin,2025-08-11,549355938269.2605,3436526874368.7686,15.99
Altcoin,2025-08-12,538524368754.5662,3412810710456.1895,15.78
Altcoin,2025-08-13,568673477936.5779,3518030755073.7124,16.16
Altcoin,2025-08-14,583732695091.29,3617718963349.9785,16.14
Altcoin,2025-08-15,559598223664.4922,3471156663780.229,16.12
Altcoin,2025-08-16,553722516562.6885,3423591487014.9956,16.17
Altcoin,2025-08-17,559153153104.316,3432769171572.1753,16.29
Altcoin,2025-08-18,567680717734.1051,3450252139657.847,16.45
Altcoin,2025-08-19,553562664824.047,3387912824510.568,16.34
Altcoin,2025-08-20,526697577856.1785,3263989849183.3887,16.14
Altcoin,2025-08-21,551875781837.5525,3349351861991.1177,16.48
Altcoin,2025-08-22,531677343125.31165,3279750064095.424,16.21
Altcoin,2025-08-23,578155127623.1855,3487146938114.2153,16.58
Altcoin,2025-08-24,574128541015.7318,3447156934071.482,16.66
Altcoin,2025-08-25,572798748808.6127,3409689153185.875,16.8
Altcoin,2025-08-26,534998130535.41864,3258961088760.7305,16.42
Altcoin,2025-08-27,558334868772.2754,3340422261274.601,16.71
Altcoin,2025-08-28,553654292757.35,3312518443172.809,16.71
Altcoin,2025-08-29,564231548219.0356,3346904010064.052,16.86
Altcoin,2025-08-30,543089502094.0603,3230199024544.657,16.81
Altcoin,2025-08-31,541225515790.093,3234930760403.526,16.73
Altcoin,2025-09-01,536447433931.19354,3221882483773.841,16.65
Altcoin,2025-09-02,528632805374.86176,3222268096838.0117,16.41
Altcoin,2025-09-03,546697217140.1126,3280743300858.426,16.66
Altcoin,2025-09-04,549322367078.264,3312238036597.6357,16.58
Altcoin,2025-09-05,536536826061.0529,3259908205690.528,16.46
Altcoin,2025-09-06,541067797678.2646,3264944134665.8647,16.57
Altcoin,2025-09-07,537948084519.05914,3249088938907.546,16.56
Altcoin,2025-09-08,553562794286.1504,3286990613905.536,16.84
Altcoin,2025-09-09,567135115022.2445,3318811519326.266,17.09
Altcoin,2025-09-10,568932648500.0016,3311421153165.413,17.18
Altcoin,2025-09-11,581361201599.526,3376406440991.243,17.22
Altcoin,2025-09-12,592525296466.7217,3430550945120.0083,17.27
Altcoin,2025-09-13,611229048438.0515,3493300897596.355,17.5
Altcoin,2025-09-14,616339197657.2484,3489903041268.329,17.66
Altcoin,2025-09-15,604053396502.3771,3457866560175.0234,17.47
Altcoin,2025-09-16,593813525168.4857,3437717987780.358,17.27
Altcoin,2025-09-17,604883045059.6779,3473617900433.6504,17.41
Altcoin,2025-09-18,622456261637.2244,3498640534672.295,17.79
Altcoin,2025-09-19,625417868293.1025,3513333219912.8135,17.8
Altcoin,2025-09-20,608255174189.6256,3450967026042.4946,17.63
Altcoin,2025-09-21,616372731470.5339,3462686480308.11,17.8
Altcoin,2025-09-22,612901059170.7196,3447640044312.762,17.78
Altcoin,2025-09-23,580641965718.683,3333719613305.807,17.42
Altcoin,2025-09-24,577415673740.6274,3313319095842.7124,17.43
BTC,2024-10-03,1198652098493.4897,1721657292888.2283,69.62
BTC,2024-10-04,1200491237695.5154,1718607862392.4868,69.85
BTC,2024-10-05,1226663492771.043,1760514989203.4893,69.68
BTC,2024-10-06,1226761949791.163,1760587873590.0142,69.68
BTC,2024-10-07,1241834324867.657,1782915657116.8303,69.65
BTC,2024-10-08,1231091696620.0955,1768287865518.6335,69.62
BTC,2024-10-09,1229717180592.4397,1770848873138.8408,69.44
BTC,2024-10-10,1197736450280.4102,1725284498246.1128,69.42
BTC,2024-10-11,1189691671375.1472,1716833518839.5625,69.3
BTC,2024-10-12,1233357176570.333,1775022755066.0137,69.48
BTC,2024-10-13,1249002272717.2275,1798443796764.3823,69.45
BTC,2024-10-14,1241241970951.0295,1788825016333.6782,69.39
BTC,2024-10-15,1306085613997.8015,1882501300510.272,69.38
BTC,2024-10-16,1323774576161.621,1894828153822.047,69.86
BTC,2024-10-17,1337304399194.887,1911789994013.8296,69.95
BTC,2024-10-18,1330387728623.8188,1899781984841.3564,70.03
BTC,2024-10-19,1353541799303.4875,1934074711372.711,69.98
BTC,2024-10-20,1351942347611.1997,1935668864909.7383,69.84
BTC,2024-10-21,1362381684459.9053,1962320695126.2417,69.43
BTC,2024-10-22,1332326858574.4448,1921411835249.7927,69.34
BTC,2024-10-23,1331426858508.4004,1913353301418.4548,69.59
BTC,2024-10-24,1318285437546.2786,1888004516673.7036,69.82
BTC,2024-10-25,1347888109010.5889,1924013280091.6519,70.06
BTC,2024-10-26,1313975091942.221,1860084289625.9673,70.64
BTC,2024-10-27,1325192118637.2595,1886519606219.4763,70.25
BTC,2024-10-28,1343350549900.1233,1912949396369.1382,70.22
BTC,2024-10-29,1380874923096.4146,1963266113669.3064,70.34
BTC,2024-10-30,1439310420089.3665,2036606288721.1953,70.67
BTC,2024-10-31,1431085552900.1965,2026499346928.0513,70.62
BTC,2024-11-01,1390195908292.9321,1958615058900.0786,70.98
BTC,2024-11-02,1374687306836.925,1941683803168.937,70.8
BTC,2024-11-03,1370516856365.7996,1932883447566.558,70.91
BTC,2024-11-04,1362302032218.0198,1915578859972.7903,71.12
BTC,2024-11-05,1340192510479.9568,1881695255997.5378,71.22
BTC,2024-11-06,1370963795352.6948,1925428814277.8486,71.2
BTC,2024-11-07,1496392703840.9058,2110081994219.2407,70.92
BTC,2024-11-08,1502620808927.6982,2144748423382.3257,70.06
BTC,2024-11-09,1514048743889.1255,2169733511527.0942,69.78
BTC,2024-11-10,1519470275068.1016,2206424896160.584,68.87
BTC,2024-11-11,1590846468754.067,2305397181679.004,69.01
BTC,2024-11-12,1756619702929.0437,2521058823127.6963,69.68
BTC,2024-11-13,1741113172482.1243,2491655647876.618,69.88
BTC,2024-11-14,1790737763695.3328,2532639266192.0625,70.71
BTC,2024-11-15,1726797438787.217,2446205219166.29,70.59
BTC,2024-11-16,1799276211921.9302,2545120674825.685,70.7
BTC,2024-11-17,1790415769635.4927,2554832398745.8945,70.08
BTC,2024-11-18,1776887033229.9082,2539968217956.729,69.96
BTC,2024-11-19,1790917617392.4407,2577805191899.982,69.47
BTC,2024-11-20,1825195454018.501,2600675011512.7427,70.18
BTC,2024-11-21,1862618759426.145,2630680847732.7886,70.8
BTC,2024-11-22,1948284556982.0486,2774219033906.819,70.23
BTC,2024-11-23,1958091000957.8345,2808035062496.705,69.73
BTC,2024-11-24,1931255637661.502,2795811130423.121,69.08
BTC,2024-11-25,1939446484727.4285,2799960242756.335,69.27
BTC,2024-11-26,1838788677873.8657,2679832525991.9927,68.62
BTC,2024-11-27,1819990514406.0881,2645327115829.947,68.8
BTC,2024-11-28,1899088665519.225,2786017037293.5737,68.17
BTC,2024-11-29,1892297852304.72,2771123551155.213,68.29
BTC,2024-11-30,1926826079390.2441,2833206171612.853,68.01
BTC,2024-12-01,1910022814269.8855,2834939562095.496,67.37
BTC,2024-12-02,1925808416477.5068,2875378892013.0015,66.98
BTC,2024-12-03,1896576914275.523,2862657432831.443,66.25
BTC,2024-12-04,1900922167493.3643,2887794371345.8794,65.83
BTC,2024-12-05,1957276192604.2603,2951189443008.7114,66.32
BTC,2024-12-06,1920742551503.6094,2908616229285.3413,66.04
BTC,2024-12-07,1978389972043.7947,3010105082277.9263,65.72
BTC,2024-12-08,1974739091620.7542,3019892295836.948,65.39
BTC,2024-12-09,2003238967638.8286,3053162307556.725,65.61
BTC,2024-12-10,1926047690157.6282,2870710922646.4526,67.09
BTC,2024-12-11,1913115778728.2837,2849592859082.553,67.14
BTC,2024-12-12,2001746436338.842,2989543367695.0205,66.96
BTC,2024-12-13,1979166149963.3093,2976639083736.7163,66.49
BTC,2024-12-14,2005406021235.8357,3012601837258.031,66.57
BTC,2024-12-15,2007646386698.8667,3000982629286.3584,66.9
BTC,2024-12-16,2075487816560.1924,3092626993522.291,67.11
BTC,2024-12-17,2097460193710.789,3114780832118.3594,67.34
BTC,2024-12-18,2100629850064.9119,3104555184214.576,67.66
BTC,2024-12-19,1985284833093.572,2915008637745.5503,68.11
BTC,2024-12-20,1937022229972.2085,2822658126718.0933,68.62
BTC,2024-12-21,1932373308116.0107,2828061312585.8594,68.33
BTC,2024-12-22,1922768195068.165,2788196100445.483,68.96
BTC,2024-12-23,1884599149192.4587,2736357224758.7886,68.87
BTC,2024-12-24,1874912975786.6604,2764624407972.0254,67.82
BTC,2024-12-25,1951173788529.116,2862733493568.609,68.16
BTC,2024-12-26,1966481159354.1177,2874726044381.1416,68.41
BTC,2024-12-27,1894744251986.1084,2759551218812.8975,68.66
BTC,2024-12-28,1867708753554.924,2729157175064.0825,68.44
BTC,2024-12-29,1885556552231.4314,2772049268592.611,68.02
BTC,2024-12-30,1854872605738.8086,2720549337460.2856,68.18
BTC,2024-12-31,1833188187477.531,2697171547662.34,67.97
BTC,2025-01-01,1851839954625.13,2713068388978.674,68.26
BTC,2025-01-02,1869193319140.2422,2755037213849.4414,67.85
BTC,2025-01-03,1917905016063.62,2832861472603.886,67.7
BTC,2025-01-04,1942834829349.9563,2900419915985.5635,66.98
BTC,2025-01-05,1946611205641.351,2912362084844.9834,66.84
BTC,2025-01-06,1948339898718.8586,2905882884655.526,67.05
BTC,2025-01-07,2024825178619.8228,2996289575898.7207,67.58
BTC,2025-01-08,1919133187081.3127,2817368761304.5903,68.12
BTC,2025-01-09,1885313354913.7239,2776659989416.036,67.9
BTC,2025-01-10,1832933628117.9436,2690903365820.2046,68.12
BTC,2025-01-11,1876836759923.398,2751868424581.6143,68.2
BTC,2025-01-12,1874286243377.8525,2767975536305.3745,67.71
BTC,2025-01-13,1870314882306.9236,2752982280687.2188,67.94
BTC,2025-01-14,1870609367804.8223,2733635390906.863,68.43
BTC,2025-01-15,1912603332624.1123,2803770226902.391,68.22
BTC,2025-01-16,1986831430651.8647,2957691296142.1772,67.18
BTC,2025-01-17,1980935754458.284,2940834458791.366,67.36
BTC,2025-01-18,2063854663834.0774,3064174759410.6724,67.35
BTC,2025-01-19,2067151195362.0425,3058648200812.629,67.58
BTC,2025-01-20,2014842808849.5005,2955594437081.427,68.17
BTC,2025-01-21,2017837068202.1384,2965569028887.0664,68.04
BTC,2025-01-22,2098829000928.49,3069280472166.7817,68.38
BTC,2025-01-23,2054288661793.9773,3016065466810.837,68.11
BTC,2025-01-24,2062360759045.0,3028472751705.6045,68.1
BTC,2025-01-25,2076156720642.786,3035554914580.6094,68.39
BTC,2025-01-26,2077647817531.3406,3043290611645.758,68.27
BTC,2025-01-27,2036324005947.406,2969985209917.813,68.56
BTC,2025-01-28,2019295541213.5288,2943508153888.694,68.6
BTC,2025-01-29,2007072201507.5273,2907458375016.0303,69.03
BTC,2025-01-30,2056581551171.7,2968332509305.038,69.28
BTC,2025-01-31,2076760153260.6191,3020935152806.2856,68.75
BTC,2025-02-01,2028504133577.489,2967840712013.2734,68.35
BTC,2025-02-02,1996423711261.7268,2886228275016.5083,69.17
BTC,2025-02-03,1933691439792.2544,2742601903351.5547,70.51
BTC,2025-02-04,2011121374511.8835,2844488281155.666,70.7
BTC,2025-02-05,1943535291172.1597,2731893071012.3784,71.14
BTC,2025-02-06,1912584628590.309,2689222221492.023,71.12
BTC,2025-02-07,1915093756057.5637,2669763215463.565,71.73
BTC,2025-02-08,1911296376425.356,2663170631558.254,71.77
BTC,2025-02-09,1914211835440.1182,2681263589038.75,71.39
BTC,2025-02-10,1913068773356.083,2677046397404.0703,71.46
BTC,2025-02-11,1930742951090.367,2703556235220.6606,71.41
BTC,2025-02-12,1898788887978.3252,2669788747176.916,71.12
BTC,2025-02-13,1936842454813.9983,2737903588722.9956,70.74
BTC,2025-02-14,1914315097486.3862,2706615680381.7095,70.73
BTC,2025-02-15,1931656846871.4856,2743663250810.4937,70.4
BTC,2025-02-16,1934308378710.2861,2740574444347.2407,70.58
BTC,2025-02-17,1905012222220.3691,2702584193718.7505,70.49
BTC,2025-02-18,1898997753781.9536,2695902478936.856,70.44
BTC,2025-02-19,1892702154844.508,2662549265921.56,71.09
BTC,2025-02-20,1914337919659.5537,2703027776494.38,70.82
BTC,2025-02-21,1950376106325.3228,2747391618554.255,70.99
BTC,2025-02-22,1906058197506.3809,2675445403825.4346,71.24
BTC,2025-02-23,1915260330870.798,2705287183131.1396,70.8
BTC,2025-02-24,1909625674815.4763,2702387105568.966,70.66
BTC,2025-02-25,1814176779160.4363,2516799221943.2925,72.08
BTC,2025-02-26,1759750360550.3337,2468629590794.187,71.28
BTC,2025-02-27,1664314955447.7466,2334705269455.899,71.29
BTC,2025-02-28,1679555320077.2097,2349747223251.729,71.48
BTC,2025-03-01,1674754437110.342,2335232960072.6777,71.72
BTC,2025-03-02,1705564098300.8237,2368959191951.7666,72.0
BTC,2025-03-03,1868321705444.4878,2658171535662.6123,70.29
BTC,2025-03-04,1708198960874.3418,2374747541138.6304,71.93
BTC,2025-03-05,1731441668069.6523,2410261900955.1636,71.84
BTC,2025-03-06,1797706868227.531,2494793020133.933,72.06
BTC,2025-03-07,1782785866811.654,2474862203713.9297,72.04
BTC,2025-03-08,1720436931689.2776,2385394914499.9575,72.12
BTC,2025-03-09,1708605516770.228,2374182831995.8364,71.97
BTC,2025-03-10,1602073794580.0344,2215980924949.9014,72.3
BTC,2025-03-11,1563547150147.7332,2142175101008.3906,72.99
BTC,2025-03-12,1642997419531.6057,2244512526356.291,73.2
BTC,2025-03-13,1662502658717.542,2271884538556.786,73.18
BTC,2025-03-14,1608477373718.186,2209003958388.9585,72.81
BTC,2025-03-15,1665725559905.8198,2288571313216.508,72.78
BTC,2025-03-16,1674173293916.4658,2309931720742.0957,72.48
BTC,2025-03-17,1638672153483.722,2250323653462.8438,72.82
BTC,2025-03-18,1667799227887.438,2295264935024.601,72.66
BTC,2025-03-19,1642578274105.806,2265848454845.256,72.49
BTC,2025-03-20,1721565138141.278,2383989376698.0024,72.21
BTC,2025-03-21,1672550706502.8184,2312797671016.3105,72.32
BTC,2025-03-22,1666749159154.2927,2301833039215.8794,72.41
BTC,2025-03-23,1662574363663.653,2297857391626.369,72.35
BTC,2025-03-24,1702009594329.4495,2346462433445.407,72.54
BTC,2025-03-25,1732715331970.134,2396645710071.881,72.3
BTC,2025-03-26,1735368473904.4885,2402106240467.076,72.24
BTC,2025-03-27,1724854479045.6724,2373027815401.8955,72.69
BTC,2025-03-28,1729729987159.4822,2381126811959.5396,72.64
BTC,2025-03-29,1673182800974.1038,2290915698118.557,73.04
BTC,2025-03-30,1640665503855.1438,2237067467012.2764,73.34
BTC,2025-03-31,1633996304187.2593,2225849052692.9185,73.41
BTC,2025-04-01,1635076581047.3545,2227884590989.7285,73.39
BTC,2025-04-02,1690602036035.04,2301642881664.2896,73.45
BTC,2025-04-03,1637358764747.381,2215837014500.905,73.89
BTC,2025-04-04,1652537223074.958,2236596890751.917,73.89
BTC,2025-04-05,1664234880198.049,2256535941115.6387,73.75
BTC,2025-04-06,1656020067997.187,2245227162492.732,73.76
BTC,2025-04-07,1555325260787.2627,2081360821777.4492,74.73
BTC,2025-04-08,1581407565278.352,2107495642637.9026,75.04
BTC,2025-04-09,1515042499757.3254,2018666956989.5112,75.05
BTC,2025-04-10,1640567909122.172,2203862827221.328,74.44
BTC,2025-04-11,1580023209138.0547,2115473085064.4958,74.69
BTC,2025-04-12,1655868880454.1702,2208908228001.061,74.96
BTC,2025-04-13,1693600655371.0874,2275476802973.849,74.43
BTC,2025-04-14,1658923208081.8682,2225892360517.66,74.53
BTC,2025-04-15,1677843510120.269,2248884218309.309,74.61
BTC,2025-04-16,1660749023283.0562,2220193239194.498,74.8
BTC,2025-04-17,1670497569762.047,2231611069250.804,74.86
BTC,2025-04-18,1686226810049.1836,2251061828742.1685,74.91
BTC,2025-04-19,1676373197914.5117,2241640778225.595,74.78
BTC,2025-04-20,1690090596771.3958,2264107816828.2324,74.65
BTC,2025-04-21,1689008667806.3804,2257007248832.986,74.83
BTC,2025-04-22,1735703747771.06,2304089476820.5,75.33
BTC,2025-04-23,1858587811717.8286,2475999695177.455,75.06
BTC,2025-04-24,1858660302322.256,2481129297022.554,74.91
BTC,2025-04-25,1864298110563.3408,2486391157419.8926,74.98
BTC,2025-04-26,1882121595175.8462,2503799383739.887,75.17
BTC,2025-04-27,1879131951239.1846,2506024399501.397,74.98
BTC,2025-04-28,1862772247122.064,2487462375751.069,74.89
BTC,2025-04-29,1887067388174.3481,2515840165956.2593,75.01
BTC,2025-04-30,1870818389258.4038,2491816070459.5317,75.08
BTC,2025-05-01,1871350362569.0933,2490156997541.002,75.15
BTC,2025-05-02,1914884389769.3945,2544662645495.823,75.25
BTC,2025-05-03,1923251765866.1472,2551660712288.3755,75.37
BTC,2025-05-04,1904894886394.57,2528820998284.063,75.33
BTC,2025-05-05,1872812442453.0322,2485482260687.8687,75.35
BTC,2025-05-06,1882511286487.958,2499006588309.7295,75.33
BTC,2025-05-07,1923643840814.599,2542363359184.12,75.66
BTC,2025-05-08,1927134557858.269,2543567225089.536,75.77
BTC,2025-05-09,2047883753852.6929,2747086295911.8525,74.55
BTC,2025-05-10,2045046445523.5242,2776714986356.6133,73.65
BTC,2025-05-11,2077132539531.3464,2859189533393.343,72.65
BTC,2025-05-12,2065659960471.3655,2823716991489.5234,73.15
BTC,2025-05-13,2044347271866.1707,2814141277272.2974,72.65
BTC,2025-05-14,2069356072124.024,2872749420063.35,72.03
BTC,2025-05-15,2057798367292.5637,2840666579099.5015,72.44
BTC,2025-05-16,2060142559914.034,2816948521225.2896,73.13
BTC,2025-05-17,2057725640290.0767,2815328409265.3765,73.09
BTC,2025-05-18,2050318521477.805,2791756637934.764,73.44
BTC,2025-05-19,2104889720872.8306,2855723221424.979,73.71
BTC,2025-05-20,2098485415895.0496,2851754175567.544,73.59
BTC,2025-05-21,2121778617273.821,2875038120234.13,73.8
BTC,2025-05-22,2178838967665.505,2949143528652.825,73.88
BTC,2025-05-23,2214712145787.249,3008767900214.973,73.61
BTC,2025-05-24,2131595896624.4407,2886291697191.5127,73.85
BTC,2025-05-25,2142540077685.2197,2903710665557.234,73.79
BTC,2025-05-26,2163072841533.6133,2928267517834.855,73.87
BTC,2025-05-27,2173059855839.4187,2938075745476.2847,73.96
BTC,2025-05-28,2167551887130.0073,2949189050751.874,73.5
BTC,2025-05-29,2143342706888.307,2919534964901.2603,73.41
BTC,2025-05-30,2101348752694.3137,2862831196635.7354,73.4
BTC,2025-05-31,2066830946978.0637,2793396363893.3896,73.99
BTC,2025-06-01,2080467809295.7695,2810751363640.922,74.02
BTC,2025-06-02,2101178071590.9749,2834836014349.781,74.12
BTC,2025-06-03,2104229403094.936,2849098288512.6475,73.86
BTC,2025-06-04,2095294001281.4797,2839138429235.163,73.8
BTC,2025-06-05,2083148839111.2068,2823528844087.49,73.78
BTC,2025-06-06,2020294099992.3677,2717170441980.0845,74.35
BTC,2025-06-07,2075175500201.4253,2789709727996.4404,74.39
BTC,2025-06-08,2100553336902.5076,2826719759297.8965,74.31
BTC,2025-06-09,2100654769399.4705,2830871308241.868,74.21
BTC,2025-06-10,2191877481230.9468,2959752462299.9756,74.06
BTC,2025-06-11,2189350055406.3333,2977409379658.1846,73.53
BTC,2025-06-12,2159529375273.4956,2934781549699.7764,73.58
BTC,2025-06-13,2107911943768.2988,2853314158474.767,73.88
BTC,2025-06-14,2107973087547.7922,2836859676827.5615,74.31
BTC,2025-06-15,2097486541223.27,2815536434619.983,74.5
BTC,2025-06-16,2098499110552.6216,2824803871076.799,74.29
BTC,2025-06-17,2127895470544.7178,2863029363611.232,74.32
BTC,2025-06-18,2080968120976.949,2797699317033.061,74.38
BTC,2025-06-19,2081677732261.6853,2796983307306.386,74.43
BTC,2025-06-20,2081355279873.408,2796793466525.705,74.42
BTC,2025-06-21,2054120245608.2085,2744539888808.6807,74.84
BTC,2025-06-22,2017415966695.5278,2676756683299.4785,75.37
BTC,2025-06-23,2005179769771.7349,2654795730955.2124,75.53
BTC,2025-06-24,2097741233586.5918,2798530957432.1714,74.96
BTC,2025-06-25,2107110352429.8032,2813524460205.748,74.89
BTC,2025-06-26,2132141147369.0017,2832622720182.7485,75.27
BTC,2025-06-27,2127292099754.93,2817557369030.1865,75.5
BTC,2025-06-28,2129020567385.9595,2825804695716.4746,75.34
BTC,2025-06-29,2134239999929.6584,2842361091550.36,75.09
BTC,2025-06-30,2155183166489.813,2878012829847.57,74.88
BTC,2025-07-01,2130471589191.581,2852987162878.861,74.68
BTC,2025-07-02,2100087563077.9324,2798391998871.1055,75.05
BTC,2025-07-03,2163835371770.0977,2898267013212.713,74.66
BTC,2025-07-04,2179664531219.9346,2919238474680.645,74.67
BTC,2025-07-05,2148601712907.3433,2868181476725.051,74.91
BTC,2025-07-06,2152344091389.654,2873897889289.9385,74.89
BTC,2025-07-07,2171497503296.0474,2908285912701.55,74.67
BTC,2025-07-08,2153777588647.4504,2884014232597.7705,74.68
BTC,2025-07-09,2167049398056.7417,2911371133855.0195,74.43
BTC,2025-07-10,2215210888568.426,2993562467456.2812,74.0
BTC,2025-07-11,2303292356999.7437,3123377729201.207,73.74
BTC,2025-07-12,2338612196961.7437,3176063999472.7056,73.63
BTC,2025-07-13,2335485977830.673,3168674956522.9126,73.71
BTC,2025-07-14,2369050366835.5605,3216086829246.506,73.66
BTC,2025-07-15,2383825813673.847,3243370943662.0625,73.5
BTC,2025-07-16,2341223394839.9204,3216613299513.3706,72.79
BTC,2025-07-17,2363194640209.576,3285641470709.531,71.92
BTC,2025-07-18,2376237382764.3013,3347688771512.5747,70.98
BTC,2025-07-19,2347165317624.536,3324543057199.8887,70.6
BTC,2025-07-20,2345398337785.541,3331718168132.751,70.4
BTC,2025-07-21,2333757287859.664,3354318223742.2876,69.57
BTC,2025-07-22,2337365497467.1313,3375105231619.9707,69.25
BTC,2025-07-23,2387516761560.4927,3426579043334.85,69.68
BTC,2025-07-24,2359931875300.5244,3341205627165.562,70.63
BTC,2025-07-25,2354764508342.9937,3336741977438.7236,70.57
BTC,2025-07-26,2338855554998.7812,3329396189278.634,70.25
BTC,2025-07-27,2346959472845.027,3343822646766.9062,70.19
BTC,2025-07-28,2376524838793.0137,3402953702910.6904,69.84
BTC,2025-07-29,2349472897426.4688,3348950486975.761,70.16
BTC,2025-07-30,2345126504020.1143,3341024233268.6553,70.19
BTC,2025-07-31,2343717963709.7124,3333382332769.9414,70.31
BTC,2025-08-01,2302199162425.1206,3265768964903.8486,70.49
BTC,2025-08-02,2253609880959.403,3173856768923.555,71.01
BTC,2025-08-03,2240413983638.112,3131203473093.313,71.55
BTC,2025-08-04,2272802075267.0376,3193777601045.048,71.16
BTC,2025-08-05,2292395156144.1514,3258750494592.4526,70.35
BTC,2025-08-06,2271583255077.356,3210521628099.252,70.75
BTC,2025-08-07,2289295036528.6577,3244648717837.523,70.56
BTC,2025-08-08,2337732858703.5435,3353479231094.7236,69.71
BTC,2025-08-09,2323026541073.3213,3354537937882.151,69.25
BTC,2025-08-10,2318815857401.68,3383719904755.577,68.53
BTC,2025-08-11,2374097296837.8896,3436526874368.7686,69.08
BTC,2025-08-12,2364060561672.9995,3412810710456.1895,69.27
BTC,2025-08-13,2392854421745.6157,3518030755073.7124,68.02
BTC,2025-08-14,2458895200752.567,3617718963349.9785,67.97
BTC,2025-08-15,2360043737045.272,3471156663780.229,67.99
BTC,2025-08-16,2335290383260.173,3423591487014.9956,68.21
BTC,2025-08-17,2339465736068.208,3432769171572.1753,68.15
BTC,2025-08-18,2340648324181.828,3450252139657.847,67.84
BTC,2025-08-19,2313556987528.4634,3387912824510.568,68.29
BTC,2025-08-20,2245419916215.7417,3263989849183.3887,68.79
BTC,2025-08-21,2274471285844.184,3349351861991.1177,67.91
BTC,2025-08-22,2238121481749.57,3279750064095.424,68.24
BTC,2025-08-23,2326174803320.612,3487146938114.2153,66.71
BTC,2025-08-24,2296786080139.701,3447156934071.482,66.63
BTC,2025-08-25,2259663171125.389,3409689153185.875,66.27
BTC,2025-08-26,2194453712375.598,3258961088760.7305,67.34
BTC,2025-08-27,2227025695775.593,3340422261274.601,66.67
BTC,2025-08-28,2215255294289.9937,3312518443172.809,66.88
BTC,2025-08-29,2239422945686.892,3346904010064.052,66.91
BTC,2025-08-30,2160278651486.2852,3230199024544.657,66.88
BTC,2025-08-31,2166165747945.1812,3234930760403.526,66.96
BTC,2025-09-01,2155694976689.5986,3221882483773.841,66.91
BTC,2025-09-02,2174100506466.4321,3222268096838.0117,67.47
BTC,2025-09-03,2212595221503.454,3280743300858.426,67.44
BTC,2025-09-04,2225365905592.233,3312238036597.6357,67.19
BTC,2025-09-05,2204051936301.3257,3259908205690.528,67.61
BTC,2025-09-06,2204045604630.5625,3264944134665.8647,67.51
BTC,2025-09-07,2195288669199.568,3249088938907.546,67.57
BTC,2025-09-08,2213764479139.3647,3286990613905.536,67.35
BTC,2025-09-09,2231763512226.867,3318811519326.266,67.25
BTC,2025-09-10,2222026777598.0474,3311421153165.413,67.1
BTC,2025-09-11,2270241314652.7144,3376406440991.243,67.24
BTC,2025-09-12,2299764311655.674,3430550945120.0083,67.04
BTC,2025-09-13,2314347371939.946,3493300897596.355,66.25
BTC,2025-09-14,2310166037871.29,3489903041268.329,66.2
BTC,2025-09-15,2297459118244.424,3457866560175.0234,66.44
BTC,2025-09-16,2297977599504.5527,3437717987780.358,66.85
BTC,2025-09-17,2325326932460.9644,3473617900433.6504,66.94
BTC,2025-09-18,2321583680138.891,3498640534672.295,66.36
BTC,2025-09-19,2333705338232.097,3513333219912.8135,66.42
BTC,2025-09-20,2303469041668.8,3450967026042.4946,66.75
BTC,2025-09-21,2305371926506.302,3462686480308.11,66.58
BTC,2025-09-22,2297332085237.645,3447640044312.762,66.63
BTC,2025-09-23,2245929069310.8535,3333719613305.807,67.37
BTC,2025-09-24,2232693472656.6514,3313319095842.7124,67.39
ETH,2024-10-03,284621591999.18945,1721657292888.2283,16.53
ETH,2024-10-04,282601960212.3656,1718607862392.4868,16.44
ETH,2024-10-05,290928251441.44226,1760514989203.4893,16.53
ETH,2024-10-06,290706276902.6144,1760587873590.0142,16.51
ETH,2024-10-07,293516242471.9333,1782915657116.8303,16.46
ETH,2024-10-08,291612805733.03143,1768287865518.6335,16.49
ETH,2024-10-09,294190554781.40424,1770848873138.8408,16.61
ETH,2024-10-10,285084590935.4484,1725284498246.1128,16.52
ETH,2024-10-11,286552629874.8065,1716833518839.5625,16.69
ETH,2024-10-12,293162664953.97815,1775022755066.0137,16.52
ETH,2024-10-13,298282533565.2097,1798443796764.3823,16.59
ETH,2024-10-14,296977636559.92773,1788825016333.6782,16.6
ETH,2024-10-15,316451494816.54065,1882501300510.272,16.81
ETH,2024-10-16,313216116600.22363,1894828153822.047,16.53
ETH,2024-10-17,314435102932.4304,1911789994013.8296,16.45
ETH,2024-10-18,313194633306.5954,1899781984841.3564,16.49
ETH,2024-10-19,318245706033.605,1934074711372.711,16.45
ETH,2024-10-20,318975355966.1185,1935668864909.7383,16.48
ETH,2024-10-21,330127637903.2564,1962320695126.2417,16.82
ETH,2024-10-22,320871813296.62164,1921411835249.7927,16.7
ETH,2024-10-23,315286963217.6233,1913353301418.4548,16.48
ETH,2024-10-24,303758669310.65466,1888004516673.7036,16.09
ETH,2024-10-25,305016120148.3843,1924013280091.6519,15.85
ETH,2024-10-26,290598017399.4684,1860084289625.9673,15.62
ETH,2024-10-27,298518432454.89374,1886519606219.4763,15.82
ETH,2024-10-28,301656245036.7335,1912949396369.1382,15.77
ETH,2024-10-29,308760527470.31,1963266113669.3064,15.73
ETH,2024-10-30,317633905084.8851,2036606288721.1953,15.6
ETH,2024-10-31,320125387602.99,2026499346928.0513,15.8
ETH,2024-11-01,302903644448.69275,1958615058900.0786,15.47
ETH,2024-11-02,302633410028.4328,1941683803168.937,15.59
ETH,2024-11-03,299972542553.578,1932883447566.558,15.52
ETH,2024-11-04,296080479788.81036,1915578859972.7903,15.46
ETH,2024-11-05,288417039274.4664,1881695255997.5378,15.33
ETH,2024-11-06,291680535424.015,1925428814277.8486,15.15
ETH,2024-11-07,327447580506.6538,2110081994219.2407,15.52
ETH,2024-11-08,348640981227.00085,2144748423382.3257,16.26
ETH,2024-11-09,356482981903.24994,2169733511527.0942,16.43
ETH,2024-11-10,376942816358.42664,2206424896160.584,17.08
ETH,2024-11-11,384143201744.36383,2305397181679.004,16.66
ETH,2024-11-12,407462829811.2162,2521058823127.6963,16.16
ETH,2024-11-13,392233485413.7434,2491655647876.618,15.74
ETH,2024-11-14,384320615296.6757,2532639266192.0625,15.17
ETH,2024-11-15,367484509623.6447,2446205219166.29,15.02
ETH,2024-11-16,372487751993.49884,2545120674825.685,14.64
ETH,2024-11-17,376904025324.19116,2554832398745.8945,14.75
ETH,2024-11-18,370225690651.5099,2539968217956.729,14.58
ETH,2024-11-19,386129534586.85486,2577805191899.982,14.98
ETH,2024-11-20,374925759373.2606,2600675011512.7427,14.42
ETH,2024-11-21,370266265216.9245,2630680847732.7886,14.07
ETH,2024-11-22,405284044226.11957,2774219033906.819,14.61
ETH,2024-11-23,400787854559.3274,2808035062496.705,14.27
ETH,2024-11-24,408448492183.1955,2795811130423.121,14.61
ETH,2024-11-25,405718851021.4928,2799960242756.335,14.49
ETH,2024-11-26,411314588853.17755,2679832525991.9927,15.35
ETH,2024-11-27,400706261382.18384,2645327115829.947,15.15
ETH,2024-11-28,441632729137.7082,2786017037293.5737,15.85
ETH,2024-11-29,431207272220.64014,2771123551155.213,15.56
ETH,2024-11-30,433361301691.3607,2833206171612.853,15.3
ETH,2024-12-01,446851521665.9131,2834939562095.496,15.76
ETH,2024-12-02,446664514864.58777,2875378892013.0015,15.53
ETH,2024-12-03,438825980701.30023,2862657432831.443,15.33
ETH,2024-12-04,436691206026.36835,2887794371345.8794,15.12
ETH,2024-12-05,462490222624.56714,2951189443008.7114,15.67
ETH,2024-12-06,457067221118.4413,2908616229285.3413,15.71
ETH,2024-12-07,483422504163.839,3010105082277.9263,16.06
ETH,2024-12-08,481889176555.6843,3019892295836.948,15.96
ETH,2024-12-09,483642898147.5037,3053162307556.725,15.84
ETH,2024-12-10,446571271919.9886,2870710922646.4526,15.56
ETH,2024-12-11,436749626813.98615,2849592859082.553,15.33
ETH,2024-12-12,461075934206.2153,2989543367695.0205,15.42
ETH,2024-12-13,466883095805.38696,2976639083736.7163,15.68
ETH,2024-12-14,470469907671.53613,3012601837258.031,15.62
ETH,2024-12-15,465713274663.6432,3000982629286.3584,15.52
ETH,2024-12-16,477323245356.1555,3092626993522.291,15.43
ETH,2024-12-17,480940541314.61334,3114780832118.3594,15.44
ETH,2024-12-18,467508439297.98755,3104555184214.576,15.06
ETH,2024-12-19,436893612673.4018,2915008637745.5503,14.99
ETH,2024-12-20,413858693686.69867,2822658126718.0933,14.66
ETH,2024-12-21,417562064054.3703,2828061312585.8594,14.76
ETH,2024-12-22,401314595520.45166,2788196100445.483,14.39
ETH,2024-12-23,394984656581.5222,2736357224758.7886,14.43
ETH,2024-12-24,411423031050.5532,2764624407972.0254,14.88
ETH,2024-12-25,420708095541.6798,2862733493568.609,14.7
ETH,2024-12-26,421029544401.6013,2874726044381.1416,14.65
ETH,2024-12-27,401038436756.22626,2759551218812.8975,14.53
ETH,2024-12-28,400705550098.4306,2729157175064.0825,14.68
ETH,2024-12-29,409451576910.996,2772049268592.611,14.77
ETH,2024-12-30,404459649875.75726,2720549337460.2856,14.87
ETH,2024-12-31,404631151447.3196,2697171547662.34,15.0
ETH,2025-01-01,401972899891.29846,2713068388978.674,14.82
ETH,2025-01-02,403374380145.697,2755037213849.4414,14.64
ETH,2025-01-03,415300548992.1061,2832861472603.886,14.66
ETH,2025-01-04,434290507752.4077,2900419915985.5635,14.97
ETH,2025-01-05,441117087325.0027,2912362084844.9834,15.15
ETH,2025-01-06,438092711283.22925,2905882884655.526,15.08
ETH,2025-01-07,444015369643.70074,2996289575898.7207,14.82
ETH,2025-01-08,406968109533.227,2817368761304.5903,14.44
ETH,2025-01-09,400602495132.5278,2776659989416.036,14.43
ETH,2025-01-10,388324291231.471,2690903365820.2046,14.43
ETH,2025-01-11,394101246876.45374,2751868424581.6143,14.32
ETH,2025-01-12,395839071861.3172,2767975536305.3745,14.3
ETH,2025-01-13,393199349088.32996,2752982280687.2188,14.28
ETH,2025-01-14,377643507549.0125,2733635390906.863,13.81
ETH,2025-01-15,388487746270.3852,2803770226902.391,13.86
ETH,2025-01-16,415058425772.0614,2957691296142.1772,14.03
ETH,2025-01-17,398587196539.9218,2940834458791.366,13.55
ETH,2025-01-18,419024911827.7939,3064174759410.6724,13.67
ETH,2025-01-19,398761138447.4049,3058648200812.629,13.04
ETH,2025-01-20,388676714260.872,2955594437081.427,13.15
ETH,2025-01-21,393073139255.5516,2965569028887.0664,13.25
ETH,2025-01-22,400135429379.4123,3069280472166.7817,13.04
ETH,2025-01-23,390083338462.87006,3016065466810.837,12.93
ETH,2025-01-24,401547418905.6495,3028472751705.6045,13.26
ETH,2025-01-25,398942774193.46027,3035554914580.6094,13.14
ETH,2025-01-26,400427749273.5654,3043290611645.758,13.16
ETH,2025-01-27,390058879989.8578,2969985209917.813,13.13
ETH,2025-01-28,382221069555.6103,2943508153888.694,12.99
ETH,2025-01-29,370532757630.7433,2907458375016.0303,12.74
ETH,2025-01-30,375574817164.75665,2968332509305.038,12.65
ETH,2025-01-31,391509879851.78656,3020935152806.2856,12.96
ETH,2025-02-01,396910231325.1062,2967840712013.2734,13.37
ETH,2025-02-02,376840076476.98303,2886228275016.5083,13.06
ETH,2025-02-03,344091054313.7205,2742601903351.5547,12.55
ETH,2025-02-04,346820394641.11206,2844488281155.666,12.19
ETH,2025-02-05,329090090858.6241,2731893071012.3784,12.05
ETH,2025-02-06,335828291113.4543,2689222221492.023,12.49
ETH,2025-02-07,323756512126.7498,2669763215463.565,12.13
ETH,2025-02-08,315636240722.9841,2663170631558.254,11.85
ETH,2025-02-09,317758860998.56256,2681263589038.75,11.85
ETH,2025-02-10,317369673472.60657,2677046397404.0703,11.86
ETH,2025-02-11,320711545303.1932,2703556235220.6606,11.86
ETH,2025-02-12,313943237177.0695,2669788747176.916,11.76
ETH,2025-02-13,329492522913.44,2737903588722.9956,12.03
ETH,2025-02-14,322584072350.2765,2706615680381.7095,11.92
ETH,2025-02-15,328399065363.05505,2743663250810.4937,11.97
ETH,2025-02-16,324625278431.52954,2740574444347.2407,11.85
ETH,2025-02-17,320529173059.00665,2702584193718.7505,11.86
ETH,2025-02-18,330464530098.92377,2695902478936.856,12.26
ETH,2025-02-19,321688672383.7524,2662549265921.56,12.08
ETH,2025-02-20,327248168186.7616,2703027776494.38,12.11
ETH,2025-02-21,330517520397.0965,2747391618554.255,12.03
ETH,2025-02-22,320508273451.5576,2675445403825.4346,11.98
ETH,2025-02-23,333381856893.82196,2705287183131.1396,12.32
ETH,2025-02-24,340712999974.1412,2702387105568.966,12.61
ETH,2025-02-25,301769340440.05,2516799221943.2925,11.99
ETH,2025-02-26,301064649480.5458,2468629590794.187,12.2
ETH,2025-02-27,280668025121.2334,2334705269455.899,12.02
ETH,2025-02-28,277936135130.74036,2349747223251.729,11.83
ETH,2025-03-01,269516471615.1616,2335232960072.6777,11.54
ETH,2025-03-02,266823935338.2421,2368959191951.7666,11.26
ETH,2025-03-03,303306117779.7704,2658171535662.6123,11.41
ETH,2025-03-04,259111889993.75626,2374747541138.6304,10.91
ETH,2025-03-05,261805780842.5489,2410261900955.1636,10.86
ETH,2025-03-06,270490243838.00568,2494793020133.933,10.84
ETH,2025-03-07,265270135615.0983,2474862203713.9297,10.72
ETH,2025-03-08,257899503839.8083,2385394914499.9575,10.81
ETH,2025-03-09,265129957012.69815,2374182831995.8364,11.17
ETH,2025-03-10,243298514477.01385,2215980924949.9014,10.98
ETH,2025-03-11,226713493940.29108,2142175101008.3906,10.58
ETH,2025-03-12,232024934655.6445,2244512526356.291,10.34
ETH,2025-03-13,230443739229.907,2271884538556.786,10.14
ETH,2025-03-14,224658866951.8703,2209003958388.9585,10.17
ETH,2025-03-15,230476916425.01935,2288571313216.508,10.07
ETH,2025-03-16,233970291611.3664,2309931720742.0957,10.13
ETH,2025-03-17,227688957214.28125,2250323653462.8438,10.12
ETH,2025-03-18,232725366276.39935,2295264935024.601,10.14
ETH,2025-03-19,233152161415.72287,2265848454845.256,10.29
ETH,2025-03-20,248434080718.19073,2383989376698.0024,10.42
ETH,2025-03-21,238984217654.16632,2312797671016.3105,10.33
ETH,2025-03-22,236980043535.89395,2301833039215.8794,10.3
ETH,2025-03-23,238753335160.5841,2297857391626.369,10.39
ETH,2025-03-24,241404254258.0785,2346462433445.407,10.29
ETH,2025-03-25,250648654235.6259,2396645710071.881,10.46
ETH,2025-03-26,249404519198.06433,2402106240467.076,10.38
ETH,2025-03-27,242347645799.6622,2373027815401.8955,10.21
ETH,2025-03-28,241580699763.4796,2381126811959.5396,10.15
ETH,2025-03-29,228784244898.24844,2290915698118.557,9.99
ETH,2025-03-30,220262156018.88525,2237067467012.2764,9.85
ETH,2025-03-31,217784813538.97607,2225849052692.9185,9.78
ETH,2025-04-01,219908040559.44638,2227884590989.7285,9.87
ETH,2025-04-02,230031614721.63394,2301642881664.2896,9.99
ETH,2025-04-03,216667567217.00522,2215837014500.905,9.78
ETH,2025-04-04,219762279056.2319,2236596890751.917,9.83
ETH,2025-04-05,218925876283.93597,2256535941115.6387,9.7
ETH,2025-04-06,217957146409.9286,2245227162492.732,9.71
ETH,2025-04-07,190295586491.21872,2081360821777.4492,9.14
ETH,2025-04-08,188565143892.71408,2107495642637.9026,8.95
ETH,2025-04-09,177496121145.5316,2018666956989.5112,8.79
ETH,2025-04-10,200623016236.85327,2203862827221.328,9.1
ETH,2025-04-11,183947227079.42554,2115473085064.4958,8.7
ETH,2025-04-12,189185664203.6754,2208908228001.061,8.56
ETH,2025-04-13,198696438258.60336,2275476802973.849,8.73
ETH,2025-04-14,192382635779.77805,2225892360517.66,8.64
ETH,2025-04-15,195686083638.74744,2248884218309.309,8.7
ETH,2025-04-16,191837036865.40186,2220193239194.498,8.64
ETH,2025-04-17,190419833063.11868,2231611069250.804,8.53
ETH,2025-04-18,191135638825.23685,2251061828742.1685,8.49
ETH,2025-04-19,191865697060.91525,2241640778225.595,8.56
ETH,2025-04-20,194945047366.35382,2264107816828.2324,8.61
ETH,2025-04-21,191374869502.39386,2257007248832.986,8.48
ETH,2025-04-22,190376888818.46906,2304089476820.5,8.26
ETH,2025-04-23,212582611840.14056,2475999695177.455,8.59
ETH,2025-04-24,216572719914.54987,2481129297022.554,8.73
ETH,2025-04-25,213593284213.58224,2486391157419.8926,8.59
ETH,2025-04-26,215954892518.00418,2503799383739.887,8.63
ETH,2025-04-27,219830529458.7114,2506024399501.397,8.77
ETH,2025-04-28,216533502206.27112,2487462375751.069,8.7
ETH,2025-04-29,217264115049.6792,2515840165956.2593,8.64
ETH,2025-04-30,216596941729.71945,2491816070459.5317,8.69
ETH,2025-05-01,216623334477.08453,2490156997541.002,8.7
ETH,2025-05-02,221969602979.55032,2544662645495.823,8.72
ETH,2025-05-03,222269022299.2824,2551660712288.3755,8.71
ETH,2025-05-04,221494950784.02625,2528820998284.063,8.76
ETH,2025-05-05,218216268630.8664,2485482260687.8687,8.78
ETH,2025-05-06,219769896301.20087,2499006588309.7295,8.79
ETH,2025-05-07,219305875804.55966,2542363359184.12,8.63
ETH,2025-05-08,218569578701.42172,2543567225089.536,8.59
ETH,2025-05-09,264994998215.9445,2747086295911.8525,9.65
ETH,2025-05-10,282636716534.08844,2776714986356.6133,10.18
ETH,2025-05-11,312095621694.1442,2859189533393.343,10.92
ETH,2025-05-12,302727255563.5134,2823716991489.5234,10.72
ETH,2025-05-13,300976824863.0343,2814141277272.2974,10.7
ETH,2025-05-14,322977150438.36176,2872749420063.35,11.24
ETH,2025-05-15,314022060127.0501,2840666579099.5015,11.05
ETH,2025-05-16,306933361055.9317,2816948521225.2896,10.9
ETH,2025-05-17,307619694635.7725,2815328409265.3765,10.93
ETH,2025-05-18,298789831687.0011,2791756637934.764,10.7
ETH,2025-05-19,296863390804.2497,2855723221424.979,10.4
ETH,2025-05-20,305077067863.0779,2851754175567.544,10.7
ETH,2025-05-21,304737250158.37354,2875038120234.13,10.6
ETH,2025-05-22,308934701949.7151,2949143528652.825,10.48
ETH,2025-05-23,320733890913.39886,3008767900214.973,10.66
ETH,2025-05-24,304038733414.03973,2886291697191.5127,10.53
ETH,2025-05-25,305369227833.4215,2903710665557.234,10.52
ETH,2025-05-26,307423642894.0653,2928267517834.855,10.5
ETH,2025-05-27,309319360637.78375,2938075745476.2847,10.53
ETH,2025-05-28,321357595434.52185,2949189050751.874,10.9
ETH,2025-05-29,323119009777.13904,2919534964901.2603,11.07
ETH,2025-05-30,317891224562.8813,2862831196635.7354,11.1
ETH,2025-05-31,304659964725.2192,2793396363893.3896,10.91
ETH,2025-06-01,305718505778.76434,2810751363640.922,10.88
ETH,2025-06-02,306561765778.2403,2834836014349.781,10.81
ETH,2025-06-03,314999579353.95825,2849098288512.6475,11.06
ETH,2025-06-04,313315832347.0171,2839138429235.163,11.04
ETH,2025-06-05,315159803382.89014,2823528844087.49,11.16
ETH,2025-06-06,292341916400.9464,2717170441980.0845,10.76
ETH,2025-06-07,299560106673.7574,2789709727996.4404,10.74
ETH,2025-06-08,304953508465.0457,2826719759297.8965,10.79
ETH,2025-06-09,302870081038.261,2830871308241.868,10.7
ETH,2025-06-10,324315565109.11993,2959752462299.9756,10.96
ETH,2025-06-11,339012253954.4242,2977409379658.1846,11.39
ETH,2025-06-12,334990282503.402,2934781549699.7764,11.41
ETH,2025-06-13,320595535562.5316,2853314158474.767,11.24
ETH,2025-06-14,311111352117.7261,2836859676827.5615,10.97
ETH,2025-06-15,306048481935.1591,2815536434619.983,10.87
ETH,2025-06-16,307537228689.2678,2824803871076.799,10.89
ETH,2025-06-17,309982828015.90594,2863029363611.232,10.83
ETH,2025-06-18,303697873489.69434,2797699317033.061,10.86
ETH,2025-06-19,304290652058.44,2796983307306.386,10.88
ETH,2025-06-20,304481216643.1207,2796793466525.705,10.89
ETH,2025-06-21,290401843920.2328,2744539888808.6807,10.58
ETH,2025-06-22,273839538572.25955,2676756683299.4785,10.23
ETH,2025-06-23,268777741291.43988,2654795730955.2124,10.12
ETH,2025-06-24,292612668627.3885,2798530957432.1714,10.46
ETH,2025-06-25,295402538889.65454,2813524460205.748,10.5
ETH,2025-06-26,291827501114.87933,2832622720182.7485,10.3
ETH,2025-06-27,291547094716.2168,2817557369030.1865,10.35
ETH,2025-06-28,292419308271.8665,2825804695716.4746,10.35
ETH,2025-06-29,294208600645.2538,2842361091550.36,10.35
ETH,2025-06-30,302158279316.21674,2878012829847.57,10.5
ETH,2025-07-01,300388851494.49866,2852987162878.861,10.53
ETH,2025-07-02,290294455719.4809,2798391998871.1055,10.37
ETH,2025-07-03,310930535640.4307,2898267013212.713,10.73
ETH,2025-07-04,312621047413.045,2919238474680.645,10.71
ETH,2025-07-05,302827514359.61035,2868181476725.051,10.56
ETH,2025-07-06,304028836772.5733,2873897889289.9385,10.58
ETH,2025-07-07,310345645222.7514,2908285912701.55,10.67
ETH,2025-07-08,307013209348.5054,2884014232597.7705,10.65
ETH,2025-07-09,315738597830.34283,2911371133855.0195,10.85
ETH,2025-07-10,335050165487.70404,2993562467456.2812,11.19
ETH,2025-07-11,355346738000.49475,3123377729201.207,11.38
ETH,2025-07-12,357144054434.9151,3176063999472.7056,11.24
ETH,2025-07-13,355216449018.5163,3168674956522.9126,11.21
ETH,2025-07-14,359110100026.3572,3216086829246.506,11.17
ETH,2025-07-15,363606274489.50854,3243370943662.0625,11.21
ETH,2025-07-16,378233206915.81635,3216613299513.3706,11.76
ETH,2025-07-17,406599729410.5382,3285641470709.531,12.38
ETH,2025-07-18,420347293649.25085,3347688771512.5747,12.56
ETH,2025-07-19,427841866746.5711,3324543057199.8887,12.87
ETH,2025-07-20,433877664505.94135,3331718168132.751,13.02
ETH,2025-07-21,453825859015.21515,3354318223742.2876,13.53
ETH,2025-07-22,454513156113.6638,3375105231619.9707,13.47
ETH,2025-07-23,452355960897.77356,3426579043334.85,13.2
ETH,2025-07-24,438111570682.8548,3341205627165.562,13.11
ETH,2025-07-25,447620332487.87305,3336741977438.7236,13.41
ETH,2025-07-26,449379722345.43585,3329396189278.634,13.5
ETH,2025-07-27,451746443518.379,3343822646766.9062,13.51
ETH,2025-07-28,466077664312.2753,3402953702910.6904,13.7
ETH,2025-07-29,457680388920.6686,3348950486975.761,13.67
ETH,2025-07-30,457213828532.1186,3341024233268.6553,13.68
ETH,2025-07-31,459449027043.4022,3333382332769.9414,13.78
ETH,2025-08-01,446264222707.4442,3265768964903.8486,13.66
ETH,2025-08-02,420327732498.14484,3173856768923.555,13.24
ETH,2025-08-03,410229849339.571,3131203473093.313,13.1
ETH,2025-08-04,422223994717.4719,3193777601045.048,13.22
ETH,2025-08-05,448517239894.4303,3258750494592.4526,13.76
ETH,2025-08-06,436373875222.1905,3210521628099.252,13.59
ETH,2025-08-07,444737780081.9074,3244648717837.523,13.71
ETH,2025-08-08,471838906504.6792,3353479231094.7236,14.07
ETH,2025-08-09,484483868122.1773,3354537937882.151,14.44
ETH,2025-08-10,514414914903.2612,3383719904755.577,15.2
ETH,2025-08-11,513073639261.6181,3436526874368.7686,14.93
ETH,2025-08-12,510225780028.6237,3412810710456.1895,14.95
ETH,2025-08-13,556502855391.5187,3518030755073.7124,15.82
ETH,2025-08-14,575091067506.1215,3617718963349.9785,15.9
ETH,2025-08-15,551514703070.4648,3471156663780.229,15.89
ETH,2025-08-16,534578587192.13434,3423591487014.9956,15.61
ETH,2025-08-17,534150282399.6513,3432769171572.1753,15.56
ETH,2025-08-18,541923097741.9142,3450252139657.847,15.71
ETH,2025-08-19,520793172158.0575,3387912824510.568,15.37
ETH,2025-08-20,491872355111.46844,3263989849183.3887,15.07
ETH,2025-08-21,523004794309.38104,3349351861991.1177,15.62
ETH,2025-08-22,509951239220.54224,3279750064095.424,15.55
ETH,2025-08-23,582817007170.4178,3487146938114.2153,16.71
ETH,2025-08-24,576242312916.0488,3447156934071.482,16.72
ETH,2025-08-25,577227233251.8729,3409689153185.875,16.93
ETH,2025-08-26,529509245849.7141,3258961088760.7305,16.25
ETH,2025-08-27,555061696726.733,3340422261274.601,16.62
ETH,2025-08-28,543608856125.4653,3312518443172.809,16.41
ETH,2025-08-29,543249516158.12427,3346904010064.052,16.23
ETH,2025-08-30,526830870964.3115,3230199024544.657,16.31
ETH,2025-08-31,527539496668.2519,3234930760403.526,16.31
ETH,2025-09-01,529740073153.04834,3221882483773.841,16.44
ETH,2025-09-02,519534784996.7176,3222268096838.0117,16.12
ETH,2025-09-03,521450862214.85895,3280743300858.426,15.89
ETH,2025-09-04,537549763927.1384,3312238036597.6357,16.23
ETH,2025-09-05,519319443328.1493,3259908205690.528,15.93
ETH,2025-09-06,519830732357.0378,3264944134665.8647,15.92
ETH,2025-09-07,515852185188.91895,3249088938907.546,15.88
ETH,2025-09-08,519663340480.02106,3286990613905.536,15.81
ETH,2025-09-09,519912892077.1541,3318811519326.266,15.67
ETH,2025-09-10,520461727067.3641,3311421153165.413,15.72
ETH,2025-09-11,524803924739.0028,3376406440991.243,15.54
ETH,2025-09-12,538261336997.6129,3430550945120.0083,15.69
ETH,2025-09-13,567724477218.3574,3493300897596.355,16.25
ETH,2025-09-14,563397805739.7904,3489903041268.329,16.14
ETH,2025-09-15,556354045428.2224,3457866560175.0234,16.09
ETH,2025-09-16,545926863107.31946,3437717987780.358,15.88
ETH,2025-09-17,543407922913.00836,3473617900433.6504,15.64
ETH,2025-09-18,554600592896.1794,3498640534672.295,15.85
ETH,2025-09-19,554210013387.6136,3513333219912.8135,15.77
ETH,2025-09-20,539242810184.06946,3450967026042.4946,15.63
ETH,2025-09-21,540941822331.27405,3462686480308.11,15.62
ETH,2025-09-22,537406899904.3973,3447640044312.762,15.59
ETH,2025-09-23,507148578276.2705,3333719613305.807,15.21
ETH,2025-09-24,503209949445.43353,3313319095842.7124,15.19
